Time (s),ESC signal (µs),Servo 1 (µs),Servo 2 (µs),Servo 3 (µs),AccX (g),AccY (g),AccZ (g),Torque (N·m),Thrust (N),Voltage (V),Current (A),Motor Electrical Speed (RPM),Motor Optical Speed (RPM),Electrical Power (W),Mechanical Power (W),Motor Efficiency (%),Propeller Mech. Efficiency (N/W),Overall Efficiency (N/W),Vibration (g),App message,
0,1647,,,,-0.068359375,-0.0078125,-0.98046875,0.13251567747065288,3.3519106330559363,9.011031150817871,9.275092182420194,5063,0,83.57814458249568,70.26076933983079,84.06595969653287,0.04770671691401107,0.040105109413471576,0.8046875,,
0,1647,,,,-0.115234375,0.005859375,-0.9609375,0.13283595459036227,3.3565864147754354,9.007272720336914,9.290391979478299,5063,0,83.68109423799174,70.42751506442617,84.16179987337168,0.047660156853537625,0.04011164583040937,0.802734375,,
0.07816000000201166,1647,,,,-0.087890625,0.015625,-1.033203125,0.1321067199789026,3.3541835396167086,8.99866771697998,9.56863790538162,5063,0,86.10499301462852,70.04831522788729,81.35221056923686,0.047883857430469044,0.03895457652550835,0.80859375,,
0.034885000001639126,1647,,,,-0.146484375,0.07421875,-0.896484375,0.13255100469053863,3.35660887155262,9.013999938964844,9.189677295945584,5062,0,82.8357505847601,70.26465914956738,84.8240749357011,0.04777094078557537,0.04052125860944586,0.806640625,,
0.11935500000044703,1647,,,,-0.109375,0.140625,-0.984375,0.13536481092573455,3.372480198827669,9.008570671081543,9.23788553263992,5069,0,83.22014467214848,71.84807519153179,86.33495588668136,0.04693904728605949,0.04052480576804797,0.8046875,,
0.15615000000223517,1647,,,,0.02734375,0.072265625,-1.0390625,0.131684683312004,3.3685933517616284,9.00428581237793,9.515159664414822,5068,0,85.67721716880112,69.89161491823955,81.57549606278552,0.048197388995836886,0.039317259162664334,0.8046875,,
0.19158500000089407,1647,,,,0.16015625,0.04296875,-1.1328125,0.1349114897266399,3.3820149253555782,9.004332542419434,9.414015827439725,5072,0,84.76692906986712,71.64969591215365,84.52552982437065,0.047202083446412794,0.03989781112122197,0.798828125,,
0.2262000000011176,1647,,,,-0.0390625,0.0703125,-0.94140625,0.1326495804565371,3.380502882476783,9.010333061218262,9.26712423350662,5071,0,83.49987586358164,70.44310497428644,84.36312538880087,0.04798912375754525,0.04048512464856473,0.796875,,
0.2627000000011176,1647,,,,0.05078125,-0.009765625,-1.02734375,0.1316883194031587,3.3750234288437984,9.01200008392334,9.230910358689725,5067,0,83.18896492720063,69.87931952386704,84.00070800859108,0.048297886296546876,0.040570566442283656,0.802734375,,
0.29598000000044705,1647,,,,-0.03125,0.04296875,-0.90625,0.13170019442989442,3.377568483473074,9.013091087341309,9.206496296189725,5065,0,82.97898971282838,69.85355518071334,84.18221940573245,0.048352134329243485,0.04070389980839823,0.802734375,,
0.3349050000011921,1647,,,,-0.16796875,0.138671875,-0.828125,0.13142629862083843,3.3561372792317483,9.006546020507812,9.263758716844022,5064,0,83.43446920613609,69.6911815446787,83.5280456719839,0.04815727334282809,0.04022482927217958,0.8046875,,
0.37243500000238416,1647,,,,-0.03125,-0.0078125,-1.150390625,0.13239374107618776,3.3522971703332223,9.010461807250977,9.188092289231717,5065,0,82.78895465361958,70.21636079218592,84.81368207385141,0.04774239411602039,0.04049208236000667,0.8046875,,
0.4071100000012666,1647,,,,0.080078125,-0.15234375,-0.85546875,0.13193755351824843,3.352851150955389,9.011384963989258,9.391291675828397,5062,0,84.6285445999975,69.94555661208624,82.65007621564168,0.04793515576050235,0.03961844277014174,0.806640625,,
0.43057000000029805,1647,,,,-0.203125,0.17578125,-0.974609375,0.13264090853006166,3.362050850438678,9.01236343383789,9.328566608689725,5061,0,84.07243259427642,70.30038722875756,83.6188332601471,0.04782407299548096,0.03998993185630225,0.81640625,,
0.4623600000012666,1647,,,,-0.109375,-0.064453125,-1.162109375,0.1319391795082625,3.3399796280475984,9.013999938964844,9.341383991502225,5061,0,84.20323472924822,69.92677668335114,83.04523799851347,0.04776395804960382,0.03966569263980362,0.818359375,,
0.4960500000026077,1647,,,,-0.09765625,0.078125,-0.93359375,0.13196581434000698,3.356934494821793,9.008399963378906,9.324172077439725,5058,0,83.99587140094664,69.89500187810299,83.21242545894376,0.04802824815251158,0.03996547019314524,0.814453125,,
0.5420650000013411,1647,,,,-0.115234375,0.03125,-1.095703125,0.1319619635614028,3.3629342439111687,9.000000953674316,9.524367389939725,5061,0,85.71931559260209,69.94226377653106,81.59451961672843,0.048081575607216646,0.0392319306408625,0.818359375,,
0.5877500000018626,1647,,,,0.01953125,-0.0859375,-0.94921875,0.13444984111625055,3.35660887155262,9.01050090789795,9.291640339158475,5063,0,83.72233371184865,71.28014109185557,85.13874127921947,0.047090379173451775,0.04009215609188856,0.818359375,,
0.6242950000017882,1647,,,,-0.10546875,-0.0078125,-0.78125,0.13230395083396138,3.362155695517158,9.014250755310059,9.273634968064725,5063,0,83.59487101534721,70.14110045804891,83.90598562580674,0.047934173737807964,0.040219640926294375,0.810546875,,
0.6632500000018626,1647,,,,-0.03125,-0.107421875,-1.013671875,0.13162025757234347,3.3539214970979385,9.010910034179688,9.202056942246854,5062,0,82.91890723598503,69.77416022186158,84.14746714315247,0.04806824598724573,0.040448211498407306,0.8046875,,
0.7032050000019372,1647,,,,-0.1328125,-0.01171875,-1.01171875,0.13231722675115973,3.3591390485670107,9.010333061218262,9.20812421824783,5061,0,82.96826607548299,70.12833843764562,84.52429073767091,0.04789988075296804,0.04048703447063638,0.802734375,,
0.7401400000005961,1647,,,,-0.125,0.107421875,-0.947265625,0.13274593898083228,3.366181072827455,9.008000373840332,9.30868631388992,5061,0,83.85264979548278,70.35312379670262,83.90089516347355,0.04784693118324939,0.0401440035709974,0.80859375,,
0.7775750000011176,1647,,,,0,0.046875,-0.994140625,0.13269222527799407,3.358158389178341,9.008001327514648,9.26305585887283,5062,0,83.44161947356879,70.33274406778854,84.2897639229873,0.047746727839051185,0.04024560417648751,0.80859375,,
0.8158050000015646,1647,,,,-0.16015625,0.146484375,-1.166015625,0.1323836060023553,3.3513315289142946,9.01099967956543,9.290724811814725,5060,0,83.71871830219307,70.15077805394299,83.79342096557795,0.0477732624196593,0.04003085088829536,0.814453125,,
0.8582350000012666,1647,,,,-0.0078125,-0.05078125,-0.8984375,0.13223495554053047,3.3618918283852417,9.013848304748535,9.240675983689725,5061,0,83.29405155031213,70.08138207098015,84.13731925220239,0.047971254690443096,0.04036172770818522,0.8203125,,
0.8984350000023842,1647,,,,-0.138671875,0.19140625,-0.986328125,0.13225505406427943,3.373264361415976,9.009538650512695,9.22076898600906,5061,0,83.07487456689739,70.09633778673437,84.37730198471519,0.04812326104223895,0.04060510929450275,0.826171875,,
0.9533500000014901,1647,,,,-0.1171875,0.09765625,-0.978515625,0.1331599365711609,3.3435315884238777,9.00615406036377,9.42434507396072,5060,0,84.87710365412063,70.56576977272817,83.13875796267504,0.04738177730070005,0.03939262114844272,0.83203125,,
1.0153800000008195,1647,,,,-0.00390625,0.00390625,-0.990234375,0.13245094551554,3.3480213999573194,9.009600639343262,9.214797077439725,5061,0,83.02164164031936,70.20199820740189,84.5586726790384,0.04769125502761422,0.04032709223532574,0.826171875,,
1.1978600000012667,1647,,,,-0.08203125,-0.0703125,-0.9140625,0.1327788477804086,3.3511159438533245,9.008600234985352,9.328810749314725,5062,0,84.0395267084105,70.3825976445553,83.7493979336173,0.047612848289247,0.03987547378129096,0.828125,,
1.2329550000019371,1647,,,,-0.046875,0.072265625,-0.994140625,0.13231044934630837,3.357420543692977,9.008716583251953,9.196410236619412,5060,0,82.84785340502131,70.11428571898855,84.63017789515716,0.04788497107635385,0.040525136206962825,0.828125,,
1.275890000000596,1647,,,,-0.21484375,0.1484375,-0.935546875,0.13252428779872089,3.353479940716551,9.01300048828125,9.08605390574783,5060,0,81.89260828905495,70.21558912403292,85.7410584312984,0.047759763644406206,0.040949726853000336,0.822265625,,
1.3592450000029057,1647,,,,0.0078125,-0.154296875,-1.06640625,0.13306564929860845,3.343464218092324,9.008856773376465,9.373209057115018,5060,0,84.44189790246425,70.51086121895672,83.5022222030126,0.04741771920371098,0.03959484925308332,0.82421875,,
1.400815000001341,1647,,,,-0.046875,0.11328125,-0.939453125,0.1326830439509432,3.34673434591494,9.009428024291992,9.229515133164822,5061,0,83.15265229136219,70.31736818479922,84.56419157672944,0.047594704300073856,0.04024807692469234,0.828125,,
1.444554999999702,1647,,,,-0.2421875,0.16796875,-1.05078125,0.13231107994081887,3.335327285589285,9.008617401123047,9.203867016099393,5060,0,82.91411655885544,70.10921404042544,84.55642651714125,0.04757330874749378,0.040226289852847305,0.826171875,,
1.4932000000011176,1647,,,,0.01953125,0.07421875,-1,0.13251466907458553,3.339743831887162,9.012800216674805,9.322707233689725,5060,0,84.02369777579452,70.21740245766681,83.56856972069014,0.04756290769799769,0.03974764168078869,0.828125,,
1.543155000001192,1647,,,,-0.111328125,0.166015625,-1,0.1327022301485495,3.3526396361852835,9.008000373840332,9.188490925095975,5061,0,82.76992968829303,70.32362338606247,84.96276806190042,0.04767444387471292,0.04050552717407323,0.82421875,,
1.582550000000745,1647,,,,-0.099609375,0.09765625,-0.921875,0.13268282608229875,3.351746979292205,9.011058807373047,9.123201427720486,5061,0,82.20970457669904,70.31889056563165,85.5359971522904,0.04766495819731222,0.040770697286293386,0.8359375,,
1.6321150000002236,1647,,,,-0.1015625,-0.015625,-0.966796875,0.13234013149378254,3.340769404830201,9.008615493774414,9.383404789231717,5061,0,84.53148576862989,70.13770873241218,82.97228907626828,0.04763157316096295,0.039521006574688405,0.830078125,,
1.6750800000019372,1647,,,,-0.15625,0.009765625,-0.97265625,0.13247827280674812,3.345324341017477,9.001001358032227,9.339552936814725,5061,0,84.0653286676832,70.20929428357974,83.51753974712042,0.04764788444540551,0.039794340830353554,0.833984375,,
1.725230000000447,1647,,,,-0.013671875,0.0078125,-1.05859375,0.13289294335766796,3.3470198276948966,9.01171588897705,9.383323726914822,5061,0,84.55984752125366,70.43117804494196,83.29151495600729,0.04752184928043048,0.03958166820078101,0.83203125,,
1.7706300000008195,1647,,,,-0.111328125,0.087890625,-0.84765625,0.13239226054407782,3.355311992670223,9.005175590515137,9.172603664658963,5061,0,82.60090662245659,70.16697573541357,84.94698012955875,0.04781896266019033,0.040620764709112994,0.84375,,
1.8100200000014157,1647,,,,-0.080078125,0.08984375,-1.048828125,0.13255907328863148,3.345206442937259,9.010286331176758,9.30380350138992,5061,0,83.82993351652806,70.25745819512704,83.80951200596498,0.04761354209038661,0.039904677274707756,0.8359375,,
1.8479199999999254,1647,,,,-0.0546875,0.021484375,-0.9375,0.1325203702763503,3.343628854340057,9.014769554138184,9.165931759141385,5060,0,82.628762557616,70.22421269989952,84.98761269834225,0.0476136182349089,0.04046567745715164,0.833984375,,
1.8881550000011922,1647,,,,-0.04296875,0.005859375,-0.8984375,0.13229085061322435,3.364438847982521,9.009538650512695,9.332697925828397,5061,0,84.08330267631061,70.10701425326089,83.37804536906307,0.04799004612902953,0.04001316243409654,0.82421875,,
1.9301500000003726,1647,,,,-0.234375,0.169921875,-1.0234375,0.1330519757572856,3.3626647625849557,9.007384300231934,9.271850643418729,5060,0,83.5151219196252,70.50251396294514,84.41886013265554,0.047695671736646336,0.04026414241268998,0.822265625,,
1.9693050000015646,1647,,,,0.01953125,-0.04296875,-0.921875,0.13211598520129492,3.349411474465031,9.009539604187012,9.298142490647733,5060,0,83.7719830148648,70.00329771780079,83.56409290845981,0.047846481289599674,0.03998247807826991,0.826171875,,
2.0100200000014157,1647,,,,-0.1953125,0.056640625,-0.921875,0.13250457881121708,3.3498568204275685,9.009428024291992,9.230213222764432,5059,0,83.15894167936437,70.19929894457464,84.4158156981384,0.04771923467601043,0.04028258119666312,0.826171875,,
2.051015000000596,1647,,,,0.02734375,-0.00390625,-0.9453125,0.13278472599490382,3.345829618504125,9.010154724121094,9.255324421189725,5062,0,83.39190505685593,70.39480620474255,84.41443585771057,0.04752949541153385,0.04012175541766272,0.8203125,,
2.086765000000596,1647,,,,-0.2265625,0.107421875,-1.05078125,0.13272472362935905,3.356129840424306,9.01015567779541,9.339459476731717,5059,0,84.14998383181442,70.31540341274008,83.5596160698917,0.04772965349746149,0.03988271521396847,0.81640625,,
2.1342550000008194,1647,,,,0,0.0546875,-0.900390625,0.13311597225324212,3.346907543808974,9.011666297912598,9.35379415538162,5060,0,84.29327154766438,70.53659249062736,83.67997966568639,0.047449237702454926,0.03970551246093748,0.81640625,,
2.17210500000231,1647,,,,-0.099609375,-0.04296875,-1.017578125,0.13237572397110073,3.3335401471899817,9.005999565124512,9.270888386033475,5061,0,83.49361677293535,70.15373173310006,84.02286838751553,0.04751764538873625,0.0399256886458242,0.8125,,
2.2117450000010432,1647,,,,-0.0390625,0.076171875,-1.0625,0.13263266479596908,3.36031423978804,9.003334045410156,9.385939655564725,5062,0,84.50475004911117,70.30574770466221,83.1973914647437,0.04779572580472259,0.03976479710117058,0.818359375,,
2.251855000000447,1647,,,,-0.109375,0.037109375,-0.880859375,0.13277825133787202,3.353232916167523,9.00461483001709,9.40969663646072,5063,0,84.73069387863613,70.40480744916098,83.09244764359559,0.04762789698116678,0.039575185362821654,0.818359375,,
2.289295000001788,1647,,,,-0.0859375,0.04296875,-0.884765625,0.1325174620477129,3.354894717679166,9.01169204711914,9.258705196641385,5061,0,83.43659998719383,70.23707071730402,84.18016880851363,0.047765299483832756,0.04020890973738249,0.81640625,,
2.3417400000002235,1647,,,,-0.0390625,0.021484375,-0.935546875,0.13298838445229502,3.3625075651446656,9.011333465576172,9.315138874314725,5062,0,83.94182267460182,70.4994776908675,83.98611734243225,0.04769549612677833,0.04005759534409128,0.810546875,,
2.386570000000298,1647,,,,-0.044921875,-0.04296875,-0.958984375,0.13270367093034732,3.34659764028383,9.010890007019043,9.33019453074783,5062,0,84.07335666065936,70.3500955432432,83.67703912095887,0.04757061969058342,0.03980568604857205,0.80859375,,
2.4302700000014155,1647,,,,-0.125,0.03125,-1.0078125,0.13248091611912388,3.350029035837601,9.00914478302002,9.353677807115018,5063,0,84.26863761802039,70.23861175514074,83.35083340675796,0.04769497790639938,0.03975416157815295,0.80859375,,
2.6114950000010433,1647,,,,-0.109375,0.048828125,-1.005859375,0.13318050367605816,3.34919813508178,9.004857063293457,9.25009256388992,5061,0,83.29576136006243,70.58723551385958,84.74289010785587,0.04744764560759962,0.040208506176013056,0.802734375,,
2.6471100000012666,1647,,,,-0.080078125,0.033203125,-0.98046875,0.13223646243829004,3.353691034422084,9.009354591369629,9.248000202439725,5062,0,83.31851308483759,70.09620854706873,84.13041225987136,0.04784411459530115,0.04025145085111214,0.794921875,,
2.686960000000894,1647,,,,-0.0625,0.05078125,-0.923828125,0.1328204864446084,3.358345482203258,9.006461143493652,9.319176731370389,5062,0,83.93280312043758,70.40110728333404,83.87794124105861,0.047703020759139035,0.04001231172256063,0.791015625,,
2.75310500000231,1647,,,,-0.0625,0.109375,-1.087890625,0.13263202978512212,3.3684211363515955,9.014668464660645,9.31595235850662,5062,0,83.98022194451057,70.30503289267526,83.71617895833722,0.04791152208823638,0.04010969557305123,0.787109375,,
2.7873700000010433,1647,,,,-0.1015625,0.033203125,-0.9765625,0.13210823781872738,3.3545069172081634,9.009333610534668,9.230444965623319,5060,0,83.16015806898068,70.00707024162966,84.1834261348558,0.04791668763783529,0.04033790934386665,0.791015625,,
2.8199500000011177,1647,,,,-0.05078125,-0.01171875,-0.890625,0.13220885261498697,3.3443250144327727,9.008999824523926,9.28258710887283,5058,0,83.62682563496338,70.03189274700678,83.74333500676042,0.04775431425956586,0.03999105537056939,0.80078125,,
2.869335000000894,1647,,,,-0.1640625,0.1171875,-1.01171875,0.13253971776683615,3.3650526197739405,9.009200096130371,9.294875202439725,5058,0,83.73939056733977,70.20934332781016,83.84267290714362,0.04792884337434092,0.04018482337852583,0.8046875,,
2.9033250000011175,1647,,,,0.005859375,-0.095703125,-0.849609375,0.13233705445338664,3.332950656788892,9.010250091552734,9.261733112595975,5058,0,83.45053162570487,70.09871081295088,84.00031665149838,0.04754653285539629,0.03993923815534159,0.806640625,,
2.940260000001639,1647,,,,-0.197265625,0.16015625,-1,0.13183600659968855,3.3398935905200107,9.003637313842773,9.263314304612576,5058,0,83.40352232286331,69.82405650470827,83.71835452513913,0.04783299277799479,0.04004499447386587,0.80859375,,
2.9767200000006704,1647,,,,-0.09375,0.0546875,-1.044921875,0.1325703038477523,3.353494818331436,9.011666297912598,9.26305585887283,5060,0,83.47556829908612,70.24386717839297,84.14901342955218,0.04774074880892907,0.040173369126594485,0.802734375,,
3.0148750000018625,1647,,,,-0.080078125,-0.05859375,-1.072265625,0.13241513051374904,3.361571819310364,9.007692337036133,9.220393238328397,5060,0,83.05446551735047,70.16242302363412,84.47760464965832,0.04791128462279621,0.04047430560621833,0.796875,,
3.0501400000024588,1647,,,,-0.1875,0.12109375,-1.025390625,0.13260357213521343,3.351279176552483,9.010000228881836,9.21463399913162,5056,0,83.02385444123824,70.21291691114627,84.56957025626994,0.04773023716980015,0.040365256456798414,0.79296875,,
3.1085750000011174,1647,,,,-0.04296875,0.09375,-0.9296875,0.13215616176703132,3.354250909948262,9.008001327514648,9.30944257762283,5059,0,83.85947109764784,70.00858156833635,83.48321382425225,0.04791199642681134,0.03999847442446301,0.794921875,,
3.1436950000021606,1647,,,,-0.10546875,0.087890625,-1.015625,0.1324790592310113,3.352086076627689,9.011789321899414,9.166149196885526,5057,0,82.60340545542986,70.16247318406836,84.9389595952261,0.047776053558340636,0.04058048282811253,0.798828125,,
3.17697500000149,1647,,,,-0.0078125,0.173828125,-0.98046875,0.13256215688735273,3.337498154168726,9.008667945861816,9.29153829600662,5059,0,83.70438321498236,70.22419217108958,83.89547772035917,0.047526330328406856,0.03987244187197288,0.79296875,,
3.2213750000018626,1647,,,,-0.10546875,0.17578125,-1.103515625,0.13333909866755303,3.3559052726524623,9.01240062713623,9.164504108689725,5060,0,82.59418257654784,70.65253004114588,85.54177526445703,0.04749872751475545,0.040631254744148936,0.794921875,,
3.255335000000894,1647,,,,-0.0546875,-0.126953125,-1.029296875,0.1325461078270562,3.367545322041405,9.008267402648926,9.252394733689725,5060,0,83.34804587593774,70.23401399881301,84.26593960385735,0.047947499086387374,0.04040341062169524,0.791015625,,
3.293025000002235,1647,,,,-0.197265625,0.359375,-1.017578125,0.13324839620863782,3.3474015929070307,9.007599830627441,9.279738483689725,5059,0,83.58817079395051,70.58550709784114,84.44437344111566,0.04742335545265793,0.04004635537675016,0.79296875,,
3.332925000000745,1647,,,,-0.0078125,-0.173828125,-0.8515625,0.13262536671718814,3.3549470700409767,9.00430965423584,9.45852476146072,5059,0,85.16748582444951,70.26350696158124,82.50038882961871,0.04774807314806246,0.03939234600580229,0.80078125,,
3.3714700000006705,1647,,,,-0.109375,0.14453125,-1.0390625,0.13327264337285025,3.3369292959316748,9.006463050842285,9.28912836100906,5064,0,83.66219135795926,70.67182515196967,84.47283534516964,0.047217250845808564,0.039885750561495584,0.798828125,,
3.406710000000894,1647,,,,-0.017578125,-0.00390625,-0.837890625,0.13315217464488538,3.368190954385456,9.009845733642578,9.317673740647733,5062,0,83.95080299964846,70.58803023779116,84.08261471672492,0.04771617713426725,0.04012100937735592,0.798828125,,
3.447285000000149,1647,,,,0.0390625,-0.0234375,-0.9609375,0.13148759439436142,3.3654119282088906,9.005819320678711,9.367185650132596,5061,0,84.3591815083485,69.68755919560178,82.60814999574792,0.048292865571065845,0.03989384282819099,0.79296875,,
3.4870700000021606,1647,,,,-0.1953125,0.08203125,-0.984375,0.13294764817438148,3.3649291074994268,9.010461807250977,9.111469326280057,5062,0,82.09854637238524,70.4714243200584,85.837603019683,0.04774884486819804,0.04098646390444811,0.791015625,,
3.522080000001937,1647,,,,0.03125,0.041015625,-1.17578125,0.13251259504175464,3.353973989814607,9.00971508026123,9.178594646714627,5060,0,82.69652260410977,70.21276426345122,84.90413145856009,0.047768721613492944,0.04055761819479366,0.79296875,,
3.5627900000009687,1647,,,,-0.080078125,0.068359375,-0.83984375,0.1321926248310663,3.362559917506476,9.009819984436035,9.21537405040115,5059,0,83.02886128335754,70.03503580796676,84.35023042042457,0.048012539419933754,0.0404986876314113,0.796875,,
3.611045000001788,1647,,,,-0.15234375,0,-0.962890625,0.13276955411370986,3.3460990998303375,9.008532524108887,9.16320234324783,5059,0,82.54700633413884,70.3371055564779,85.20854805050475,0.04757231724787926,0.04053568080089776,0.80078125,,
3.656490000002086,1647,,,,-0.068359375,0.072265625,-0.98828125,0.13200621177597252,3.3530775433403783,9.009066581726074,9.17264181163162,5059,0,82.63694081131374,69.92858146806054,84.62145474108196,0.04795002948646794,0.040576012500226924,0.810546875,,
3.6981750000026077,1647,,,,-0.103515625,0.197265625,-1.12890625,0.13241903522753543,3.3461289954149644,9.010666847229004,9.13455587413162,5059,0,82.30843977919874,70.14666828081589,85.22415012238342,0.04770189486433646,0.040653534490403605,0.81640625,,
3.8807100000027566,1647,,,,-0.130859375,0.095703125,-0.8984375,0.1318086075414908,3.3568783528788324,9.010286331176758,9.225330410264432,5057,0,83.12286849619488,69.7998088894722,83.97184812344082,0.048092944755686075,0.04038453452833501,0.814453125,,
3.9183499999996276,1647,,,,-0.0546875,0.009765625,-0.9609375,0.13300634925138013,3.361823615924544,9.009636878967285,9.354421673081815,5060,0,84.27994248720877,70.47784998779899,83.6235145728718,0.04770042809913381,0.03988877444280139,0.8125,,
3.9539850000012664,1647,,,,-0.1171875,0.060546875,-1.126953125,0.13252002836954085,3.358787178939503,9.006333351135254,9.33019453074783,5060,0,84.03084217485393,70.21522336773675,83.55887142203191,0.047835597721431374,0.03997088559401126,0.81640625,,
4.009660000002012,1647,,,,0.0625,0.095703125,-1.064453125,0.1321805699302113,3.3405148011188732,9.006999969482422,9.294386921189725,5060,0,83.71454271551367,70.04041745216651,83.66577082094825,0.04769410181485924,0.039903637919529854,0.8125,,
4.047115000002086,1647,,,,-0.1640625,0.13671875,-0.97265625,0.1324693661702328,3.341439318564582,9.008888244628906,9.32666784312576,5061,0,84.0229082934941,70.20583881938104,83.55559245122808,0.047594892031147466,0.0397681940131476,0.82421875,,
4.082740000000223,1647,,,,-0.080078125,0.28125,-1.0078125,0.13207784538987444,3.3551547952299323,9.008615493774414,9.161423740647733,5060,0,82.53174385503192,69.98278828630585,84.7949952556819,0.04794257098622156,0.0406529007932185,0.826171875,,
4.105620000001043,1647,,,,-0.2890625,0.193359375,-1.0859375,0.13225721228360912,3.349265505413333,9.010544776916504,9.283289966844022,5062,0,83.64749992334778,70.10631586159971,83.81160934378573,0.0477740908825573,0.04004023441803408,0.82421875,,
4.133345000000671,1647,,,,0.1875,-0.044921875,-0.8671875,0.1323900598977567,3.349523758350953,9.006000518798828,9.355422077439725,5059,0,84.25493608300417,70.14049657772111,83.24793755539955,0.0477544916528987,0.0397546293911036,0.822265625,,
4.1782350000012665,1647,,,,-0.009765625,-0.025390625,-1.078125,0.1320840845073212,3.352342083887591,9.007500648498535,9.191847858689725,5059,0,82.79557554804757,69.97352293427717,84.51360168837819,0.04790872237540888,0.04048938680234397,0.81640625,,
4.213919999999925,1647,,,,-0.1875,0.146484375,-0.9921875,0.1328162127771711,3.330452340327132,9.011499404907227,9.386855182908475,5060,0,84.58963989473004,70.37321815091612,83.19366087678591,0.04732556543293134,0.03937187041429432,0.81640625,,
4.2613200000021605,1647,,,,-0.04296875,-0.072265625,-0.95703125,0.1328015973564851,3.3411062564879663,8.994909286499023,9.637071666978299,5060,0,86.68458543195973,70.36913682753084,81.17837384452258,0.047479710667430126,0.0385432570259041,0.818359375,,
4.299285000002012,1647,,,,-0.171875,0.0859375,-0.955078125,0.13555461557096096,3.3762978509490114,9.007500648498535,9.230910358689725,5065,0,83.14743104212954,71.90130970405392,86.47448129530618,0.04695739013441991,0.040606159548552886,0.81640625,,
4.334810000000521,1647,,,,-0.046875,-0.03515625,-0.994140625,0.131803802837587,3.3743497255282677,9.00766658782959,9.33914571788162,5064,0,84.12391084183405,69.89491838957413,83.08567408496661,0.048277468566750664,0.040111660189842656,0.8125,,
4.381730000002309,1647,,,,-0.16796875,0.158203125,-0.978515625,0.13178053326163455,3.35645167411233,9.011334419250488,9.21829610850662,5063,0,83.06914900942853,69.87154913576008,84.11251345289394,0.0480374589604527,0.04040551413053919,0.810546875,,
4.431345000000671,1647,,,,-0.1796875,0.048828125,-0.900390625,0.13266524070337302,3.3564067605579604,9.009600639343262,9.228957233689725,5063,0,83.14921899312256,70.34389824227587,84.59958986276726,0.047714255883260094,0.04036606478330934,0.810546875,,
4.467665000000968,1647,,,,-0.017578125,-0.01171875,-0.99609375,0.1327545500090343,3.3480079258910083,9.007059097290039,9.388309536240994,5061,0,84.56105881657427,70.35438456638971,83.19950761141605,0.04758776509133798,0.03959278623927053,0.814453125,,
4.50338000000082,1647,,,,-0.177734375,-0.033203125,-0.916015625,0.13257331667276587,3.349797029258315,9.012667655944824,9.30944257762283,5063,0,83.9029120142169,70.28548562563324,83.77001934536402,0.04765986888246865,0.039924681382819106,0.8203125,,
4.541520000001416,1647,,,,0.09375,-0.05859375,-0.97265625,0.13243511421813323,3.3558453411283518,9.006546020507812,9.306816158555447,5061,0,83.82226803643537,70.19171883292022,83.73874923356844,0.04780970457663798,0.04003524862474077,0.822265625,,
4.576405000003055,1647,,,,-0.150390625,0.072265625,-1.1328125,0.13235786611333583,3.361414621870074,9.003693580627441,9.428476391099393,5061,0,84.89111235763899,70.15398648138854,82.63996610839048,0.04791480556506704,0.0395967790798726,0.818359375,,
4.608360000001267,1647,,,,-0.0703125,0.11328125,-0.947265625,0.13291558598087228,3.3652996443229686,9.006909370422363,9.284621296189725,5063,0,83.62574255347425,70.47285435212208,84.27172327594987,0.04775313381671807,0.0402423887856187,0.818359375,,
4.646745000001043,1647,,,,0.01953125,0.025390625,-1.064453125,0.1330885864529075,3.358854549271056,9.011601448059082,9.157668171189725,5062,0,82.52525575233788,70.55315001399036,85.49279777541511,0.04760743565106606,0.04070092868722679,0.810546875,,
4.682865000002086,1647,,,,-0.1796875,0.1484375,-0.931640625,0.13241335914473676,3.371913165203764,9.007076263427734,9.233163891099393,5063,0,83.1638113198594,70.19869298464543,84.41014411262569,0.048033845387139944,0.04054543811412063,0.806640625,,
4.731860000001267,1647,,,,0.0234375,-0.0703125,-0.962890625,0.13290372687490148,3.368578333791886,9.0086669921875,9.28380781199783,5063,0,83.63473299775731,70.4582099449729,84.24515439878579,0.04780959289801301,0.04027726535436199,0.802734375,,
4.77298000000231,1647,,,,-0.158203125,0.158203125,-1.03125,0.13258513723607024,3.3631213369360857,9.003499984741211,9.255934772752225,5062,0,83.3358085852403,70.283592042458,84.33780536318693,0.0478507321439183,0.040356257340397744,0.8046875,,
4.809325000001118,1647,,,,0.068359375,0.02734375,-1.01953125,0.13220425596379295,3.362492547174923,9.005866050720215,9.340285358689725,5063,0,84.11735881586287,70.0949421631037,83.32993706631356,0.04797054457011677,0.039973824600646204,0.80859375,,
4.852405000001192,1647,,,,-0.115234375,0.033203125,-0.849609375,0.13241223120637538,3.3766852303554415,9.005818367004395,9.396925983689725,5062,0,84.62700861729375,70.19414095634055,82.94531746215615,0.048104944149906716,0.03990079864013304,0.806640625,,
4.908845000000671,1647,,,,-0.138671875,0.169921875,-1.013671875,0.13259737652305786,3.354941455846681,9.003143310546875,9.25323205973953,5062,0,83.30817431958182,70.29190571075453,84.37576058395535,0.04772870250028491,0.040271455751468704,0.8125,,
4.947390000002459,1647,,,,-0.109375,0.16015625,-1.041015625,0.1322292285648225,3.347644126100622,9.010525703430176,9.204954204820096,5061,0,82.94147646142915,70.08604663450672,84.500601658688,0.04776477325876755,0.040361520784566694,0.818359375,,
5.000365000000223,1647,,,,-0.017578125,0.119140625,-0.9609375,0.13222043898820715,3.361998498076867,9.009000778198242,9.23742109324783,5061,0,83.21993381761456,70.07791753975454,84.20809092847614,0.04797514846484468,0.040398956642347834,0.822265625,,
5.048080000001937,1647,,,,-0.11328125,0.072265625,-0.939453125,0.13250404298752366,3.3545383566962212,9.010890007019043,9.360034046433865,5061,0,84.34223725436894,70.22127487949784,83.25754351015911,0.047770969160738336,0.03977293543422641,0.828125,,
5.107240000002086,1647,,,,-0.201171875,-0.013671875,-0.97265625,0.1327190775597803,3.347586861318802,9.009251594543457,9.142409382127225,4901,0,82.36626630389875,68.11091210590251,82.69272745058073,0.04914905347492327,0.04064269283455848,0.828125,,
5.2911650000009685,1647,,,,-0.04296875,0.125,-0.99609375,0.1323549108113792,3.337082703790815,9.006999969482422,9.266799030564725,5022,0,83.46605858549621,69.61174963449396,83.40126611248695,0.04793849775810298,0.03998131408556407,0.83203125,,
5.329700000001117,1647,,,,-0.0859375,0.05859375,-1.005859375,0.1329930496175318,3.349430141661066,9.006856918334961,9.251681385301053,5047,0,83.32857049142956,70.289954273963,84.35276623543231,0.047651619299769146,0.040195459035332406,0.822265625,,
5.364310000000522,1647,,,,-0.15625,0.154296875,-1.03515625,0.13178043687196578,3.3692594759148595,9.006667137145996,9.20812421824783,5058,0,82.9345097912509,69.80324503908085,84.16670601270579,0.04826794906208883,0.04062554278545089,0.830078125,,
5.416970000000671,1647,,,,-0.10546875,0.033203125,-1.021484375,0.13202110504243172,3.3581433712085986,9.00727367401123,9.246002254746854,5059,0,83.28127269902981,69.93969733387092,83.98010148887373,0.04801483991527501,0.040322911290568204,0.828125,,
5.453655000001192,1647,,,,-0.0625,0.017578125,-0.9296875,0.132420698895387,3.3664393257650755,9.007555961608887,9.25966459300369,5060,0,83.40694700720911,70.16276303345491,84.12100616437924,0.04798042694185083,0.040361617905449815,0.833984375,,
5.490985000001267,1647,,,,-0.1875,-0.01171875,-0.96484375,0.13207036199738928,3.339743831887162,9.009334564208984,9.289504108689725,5060,0,83.69225045077971,69.97843208957623,83.61399258911227,0.04772533096500515,0.039905054696208704,0.83203125,,
5.526855000000447,1647,,,,-0.09375,-0.021484375,-0.97265625,0.13313707697423335,3.345844636473867,9.0086669921875,9.234572468064725,5059,0,83.19118818001814,70.53051379221831,84.78123144436489,0.047438256955431635,0.040218738422557014,0.830078125,,
5.560815000001341,1647,,,,-0.025390625,-0.15625,-0.822265625,0.13251714564613964,3.3382167710386255,9.012666702270508,9.19957929637283,5060,0,82.91274199931655,70.21365711320446,84.68379578350361,0.047543696031335715,0.04026180645510605,0.826171875,,
5.583945000000298,1647,,,,-0.177734375,-0.005859375,-1.0078125,0.1326371832862104,3.3434341821528406,9.008727073669434,9.235349712632596,5060,0,83.19874499099849,70.27896355282064,84.47118230019494,0.04757375483547028,0.0401861131741179,0.822265625,,
5.622339999999851,1647,,,,-0.048828125,-0.08984375,-0.994140625,0.1323457107901897,3.34549276684636,9.011000633239746,9.224806843064725,5059,0,83.12474030437058,70.1068910984893,84.33938060051081,0.047719884799148515,0.04024665526287917,0.822265625,,
5.674690000001341,1647,,,,0.015625,0.123046875,-0.982421875,0.1324675900995933,3.3422290953471845,9.010000228881836,9.28380781199783,5059,0,83.64711051099543,70.1715966404274,83.89004259890523,0.047629372215561835,0.039956300641225954,0.818359375,,
5.709950000001117,1647,,,,-0.119140625,0.109375,-1.060546875,0.1325038988522069,3.354421581454863,9.002445220947266,9.28787618663162,5060,0,83.61359658909174,70.20840436232571,83.96768854156086,0.047778063209407834,0.04011813530686565,0.818359375,,
5.741210000000894,1647,,,,-0.025390625,0.103515625,-1.125,0.13410723346483377,3.369304389469228,9.007332801818848,9.33792501475662,5062,0,84.10979828634204,71.08813340397488,84.51825453434519,0.047396157813321266,0.0400584053001628,0.822265625,,
5.787325000001117,1647,,,,-0.08203125,0.1328125,-0.931640625,0.13214728727138364,3.3593261415919278,9.007555961608887,9.35732084300369,5062,0,84.28659114408498,70.05517096802632,83.11543985480377,0.047952579305318495,0.03985599721133907,0.83203125,,
5.826155000001192,1647,,,,-0.13671875,0.0859375,-0.8671875,0.13293306187893528,3.325478164180795,9.013500213623047,9.160719929002225,5062,0,82.57015103700246,70.46393226876066,85.33826253652292,0.04719404746667972,0.04027458012872638,0.8359375,,
5.861964999999851,1647,,,,-0.10546875,-0.111328125,-1.0546875,0.13296279776412487,3.36561403920355,9.010334968566895,9.19347578074783,5059,0,82.83629630994501,70.43963662476447,85.03474897188005,0.047780116429792886,0.04062970206454639,0.833984375,,
5.898675000000745,1647,,,,-0.078125,0.01171875,-0.931640625,0.13268344144144575,3.368481067875706,9.00766658782959,9.28055196788162,5062,0,83.5961178777034,70.33165683638121,84.13268297849982,0.047894237380360645,0.04029470690018897,0.837890625,,
5.929835000000894,1647,,,,0.0078125,0.0625,-0.923828125,0.13217302386305738,3.3595657273335138,9.010461807250977,9.171189365647733,5059,0,82.63665150623521,70.02807152741345,84.74214558673108,0.04797455726048897,0.04065466915827323,0.830078125,,
5.96798000000231,1647,,,,-0.16015625,0.08203125,-0.978515625,0.1323064525043869,3.368219025356936,9.002666473388672,9.128371296189725,5059,0,82.17968222485072,70.09531147101643,85.29518437322452,0.0480519874250028,0.04098603126915479,0.826171875,,
6.003250000001863,1647,,,,0.0625,-0.0078125,-0.98828125,0.13287017256729633,3.362732132916509,9.009846687316895,9.32180601146072,5058,0,83.9880430121701,70.38435534897653,83.80282814635608,0.04777669861780452,0.040038224636681205,0.826171875,,
6.054180000001565,1647,,,,-0.1875,-0.00390625,-1.0234375,0.13281466236889314,3.341315806290068,9.004364013671875,9.211379108689725,5059,0,82.94261056257467,70.3572000912378,84.82636320948444,0.04749074440081636,0.04028467133632438,0.826171875,,
6.09257000000216,1647,,,,-0.015625,0.048828125,-0.95703125,0.13257845443129335,3.3393901376465087,9.005111694335938,9.316359577439725,5059,0,83.89485857944108,70.24087392099241,83.72488506489401,0.047541978782933224,0.039804467093587134,0.826171875,,
6.134294999999925,1647,,,,-0.1484375,0.0546875,-0.90625,0.13309801888753453,3.353479940716551,9.006667137145996,9.39733320262283,5061,0,84.63865213287399,70.5393210460145,83.34173485569575,0.04754057582336234,0.03962114065157763,0.8203125,,
6.174935000002384,1647,,,,-0.15234375,0.0625,-1.01171875,0.13348136863430113,3.368728092424734,9.008001327514648,9.166736660264432,5063,0,82.57397600463919,70.76853575797149,85.70319510107586,0.047602060101197934,0.04079648644066105,0.822265625,,
6.21510500000231,1647,,,,-0.046875,-0.00390625,-0.958984375,0.13205997828945518,3.3597079068040623,9.008000373840332,9.349225101731717,5061,0,84.21782321151672,69.99023318905624,83.10620070679425,0.048002524834127716,0.039893074632978934,0.8125,,
6.256715000001714,1647,,,,-0.171875,0.048828125,-1.009765625,0.13215586800329943,3.3552839216987427,9.006155014038086,9.25006586100906,5061,0,83.30752703430927,70.04688399432602,84.08229902860758,0.04790054504024089,0.04027587951706821,0.8125,,
6.296800000000745,1647,,,,-0.005859375,0.01953125,-1.015625,0.13279178537247907,3.362223065848711,9.010000228881836,9.212076244615018,5060,0,83.00080907245824,70.36657990798993,84.77818553137374,0.047781533083533306,0.040508316767292586,0.80859375,,
6.345010000001639,1647,,,,-0.125,0.21484375,-1.052734375,0.13219417793713842,3.352394436249402,9.009142875671387,9.340076504014432,5060,0,84.14608369436733,70.0483967909442,83.24617583555249,0.04785826071443789,0.03984017186617811,0.80859375,,
6.514605000000447,1647,,,,-0.04296875,-0.001953125,-1.115234375,0.1325875135990713,3.3450492454969685,9.006133079528809,9.29894453074783,5059,0,83.74753194307152,70.24707951559876,83.87958174498817,0.0476183389909353,0.03994206357950715,0.8046875,,
6.5516450000014155,1647,,,,-0.04296875,0.0390625,-1.00390625,0.13270088945711833,3.3594111966355134,9.008342742919922,9.268204746507108,5059,0,83.49116496809327,70.29675037940103,84.19663374713411,0.04778899705184548,0.04023672681917105,0.796875,,
6.589460000000894,1647,,,,-0.15625,0.16015625,-0.837890625,0.1323020012540096,3.3522596955862958,9.006333351135254,9.327345905564725,5057,0,84.00518650686244,70.067094085692,83.40805728699641,0.047843566788805095,0.03990538959534894,0.80859375,,
6.657805000001565,1647,,,,-0.115234375,0.158203125,-1.154296875,0.13241961564489818,3.3624476336205547,9.005538940429688,9.215134678147733,5059,0,82.9872541853634,70.14862090198544,84.52939139942971,0.047933196553054204,0.040517639324589134,0.8125,,
6.696865000000224,1647,,,,-0.0234375,0.17578125,-0.96484375,0.13237839316367764,3.362119764673663,9.005635261535645,9.262426433824002,5059,0,83.41403409982529,70.12486971251352,84.06843101316976,0.04794475595401648,0.04030640408363494,0.8125,,
6.7313800000008195,1647,,,,-0.125,-0.05859375,-1.052734375,0.13299655628068058,3.3581509503708986,9.012616157531738,9.250817356370389,5059,0,83.37406597639881,70.45545452541072,84.50523996917094,0.047663463006398406,0.040278123791173986,0.810546875,,
6.754670000001788,1647,,,,-0.150390625,0.12890625,-0.91796875,0.1322847161033133,3.3586449994689547,9.008727073669434,9.306371746324002,5061,0,83.83856310874133,70.10289958980287,83.61653276294484,0.04791021511409068,0.04006086071767098,0.806640625,,
6.784980000000447,1647,,,,-0.15625,0.037109375,-1.15234375,0.13330152277876076,3.3491419931388187,9.009499549865723,9.154006061814725,5058,0,82.47301349338785,70.61058003941942,85.61658783703898,0.04743116387472118,0.040608944080930555,0.806640625,,
6.827339999999851,1647,,,,0.009765625,-0.103515625,-0.9296875,0.13233336950958488,3.3553737488074797,9.009600639343262,9.299269733689725,5057,0,83.78270653807638,70.07389155141867,83.63765560566186,0.04788336532366525,0.04004852418180805,0.802734375,,
6.866835000000894,1647,,,,-0.0546875,-0.03125,-0.8828125,0.13141895078141702,3.351415741828736,9.005999565124512,9.243117389939725,5056,0,83.24351119419197,69.58575832529863,83.59301202825013,0.04816238009739837,0.04026038418790976,0.802734375,,
6.902565000001341,1647,,,,-0.076171875,-0.095703125,-1.03515625,0.1328896456776782,3.364356459681226,9.003692626953125,9.15729242350906,5056,0,82.44944627640224,70.3649819884202,85.3431832065066,0.04781293712595407,0.04080508252781479,0.8046875,,
6.945640000000596,1647,,,,-0.150390625,0.119140625,-1.087890625,0.13294426694736752,3.337992203266782,9.006999969482422,9.23131757762283,5056,0,83.14647713993138,70.38476238845259,84.65152681092975,0.04742492678805175,0.04014592461505143,0.802734375,,
6.987940000001341,1647,,,,-0.0859375,0.0703125,-0.921875,0.13195351443864434,3.3246603164267117,9.008000373840332,9.247303066514432,5057,0,83.29970948017684,69.88358761103169,83.89415527032799,0.04757426500384602,0.03991202775104388,0.810546875,,
7.033805000001565,1647,,,,-0.068359375,0.044921875,-1.0078125,0.1325510385833031,3.3526396361852835,9.011429786682129,9.25567346598953,5058,0,83.40685156722147,70.2022394986318,84.1684324243465,0.047756875850814194,0.0401962137784716,0.806640625,,
7.0714600000008945,1647,,,,-0.005859375,-0.033203125,-0.98828125,0.13258949463314082,3.36350310214822,9.009600639343262,9.30578046824783,5057,0,83.84136565631368,70.21679156671966,83.74957995621817,0.04790169170507079,0.04011746559491938,0.814453125,,
7.099055000001565,1647,,,,-0.0546875,0.021484375,-1.02734375,0.13254406902532997,3.3554036443921063,8.989666938781738,9.721633014939725,5058,0,87.39424290537268,70.20705470249678,80.33372950952207,0.04779296978929922,0.038393875075103244,0.8125,,
7.137460000000894,1647,,,,-0.197265625,0.119140625,-0.923828125,0.13627899480705516,3.3559014830713125,9.007555961608887,9.067065296433865,5063,0,81.67209806518991,72.25341686234219,88.46768795466743,0.04644626688679656,0.04108993845600321,0.8125,,
7.172790000000969,1647,,,,0.0078125,-0.125,-0.974609375,0.13346165548029887,3.353382534445514,9.010769844055176,9.268845615647733,5064,0,83.51943456268162,70.7803547662536,84.74716709574068,0.047377306111558624,0.04015092477582315,0.8046875,,
7.230170000001788,1647,,,,-0.10546875,0.13671875,-0.845703125,0.13228366929259294,3.352169868477558,9.007272720336914,9.180750904344022,5064,0,82.69352717290636,70.14811246814634,84.82902455166965,0.047787028767163904,0.0405372703654109,0.798828125,,
7.269075000001117,1647,,,,-0.056640625,-0.0546875,-0.9765625,0.13210875150737175,3.3605792297588155,9.007368087768555,9.371227321885526,5063,0,84.41009392237646,70.04071917913778,82.97671039620835,0.0479803644100758,0.039812528023594015,0.798828125,,
7.302780000001192,1647,,,,-0.1015625,0.158203125,-0.904296875,0.13266875597499234,3.364131891909382,9.007715225219727,9.265787182115018,5059,0,83.46357227398323,70.29098555339007,84.2175617916857,0.04786007573267171,0.04030658885371036,0.798828125,,
7.347090000001714,1647,,,,-0.09375,0.09765625,-1.123046875,0.13256440118566357,3.355081810704083,9.007200241088867,9.159621296189725,5060,0,82.50254314732281,70.24457975175294,85.14232055406931,0.04776285690029141,0.04066640472782753,0.794921875,,
7.386610000001267,1647,,,,-0.1484375,0.197265625,-1.0234375,0.1321390970871604,3.339002758240078,9.011713981628418,9.293340740464627,5060,0,83.74892868688208,70.01892338054046,83.6057541014346,0.04768714794560878,0.039869199649393,0.796875,,
7.427855000000447,1647,,,,-0.0703125,0.189453125,-1.060546875,0.13225744707496875,3.349220591858964,9.001847267150879,9.26471429850906,5060,0,83.39954308896746,70.07736126288867,84.02607336605287,0.047793189291113224,0.04015874029772732,0.80078125,,
7.466610000001267,1647,,,,-0.0390625,0.044921875,-0.90625,0.13245926231605962,3.3439993911635995,9.006285667419434,9.171270427964627,5059,0,82.59908140740552,70.16816367879986,84.95029543089913,0.0476569318027334,0.04048470435972414,0.802734375,,
7.506365000002086,1647,,,,-0.0390625,0.0703125,-0.919921875,0.1324986826770914,3.347259413436482,9.008923530578613,9.172692356370389,5061,0,82.63608400806379,70.22263191888152,84.97816996268732,0.047666390762782965,0.04050602655747639,0.8046875,,
7.54510000000149,1647,,,,0.0390625,0.03125,-1.04296875,0.1323169138447743,3.3386284318353865,9.008001327514648,9.267719326280057,5059,0,83.48362799416391,70.09664252260696,83.96453796606347,0.04762893502008518,0.039991415227771124,0.8046875,,
7.585570000002161,1647,,,,-0.09375,0.103515625,-0.927734375,0.1324825813901375,3.3671635568292713,9.00100040435791,9.36559492137283,5058,0,84.29972367432923,70.16974814595908,83.2384082503547,0.04798597181545077,0.03994275912264506,0.8046875,,
7.763305000001565,1647,,,,-0.0546875,-0.078125,-0.873046875,0.13285399335723627,3.3607483573619854,9.006571769714355,9.188360271714627,5058,0,82.75562623318989,70.37313928996352,85.03728688085226,0.04775612387440117,0.0406105120622497,0.80859375,,
7.796810000000521,1647,,,,-0.08984375,0.078125,-1.01953125,0.13249677646663824,3.354902156486608,9.007866859436035,9.22562032725662,5059,0,83.10315960363432,70.18895311657671,84.46002949989781,0.047798150670725306,0.0403703321569002,0.80859375,,
7.834710000000894,1647,,,,-0.0859375,0.0078125,-0.9453125,0.13208189352047287,3.3549545088484196,9.007271766662598,9.262426433824002,5057,0,83.42919210817226,69.95107433009944,83.8448420301165,0.04796144363725385,0.04021319665301885,0.80078125,,
7.868740000000224,1647,,,,-0.046875,0.05078125,-0.94140625,0.1324541110166026,3.339908468134895,9.008667945861816,9.31229024913162,5058,0,83.89133066991357,70.16279090510571,83.63532959224904,0.047602275010013205,0.03981231959803334,0.806640625,,
7.941555000001564,1647,,,,0.11328125,-0.0859375,-0.994140625,0.13319192628038212,3.3518929483439033,9.003665924072266,9.22073751475662,5059,0,83.02044015642896,70.56327388267458,84.99506115568369,0.04750194774008203,0.04037430953182363,0.80859375,,
7.983115000002086,1647,,,,-0.107421875,0.08984375,-1.009765625,0.13269228627857385,3.35501444037253,9.004834175109863,9.18716817881912,5059,0,82.72892598911226,70.29813437458779,84.97406866352833,0.04772551178236304,0.04055430915196548,0.81640625,,
8.017460000000893,1647,,,,-0.1796875,0.201171875,-1.01953125,0.13211457983078004,3.3602543082639293,9.005231857299805,9.39016538646072,5059,0,84.56061648347001,69.992772832401,82.7723067109891,0.04800858963410581,0.039737817059562176,0.814453125,,
8.051940000001341,1647,,,,-0.03515625,-0.068359375,-0.771484375,0.13277945900730473,3.3476636354258003,9.007272720336914,9.120381412766873,5059,0,82.1497626982829,70.33662218700132,85.61999435753879,0.04759488771760312,0.04075074017828871,0.822265625,,
8.08735000000149,1647,,,,-0.087890625,0.1640625,-1.14453125,0.13204297654390215,3.3532628117521495,9.009818077087402,9.222032604478299,5057,0,83.088836067318,69.92675769723495,84.15902906689026,0.047953929542549706,0.04035756150243048,0.82421875,,
8.122795000001789,1647,,,,-0.080078125,0.240234375,-0.91015625,0.13205408979750288,3.350186233277892,9.002667427062988,9.260207233689725,5059,0,83.36656603059154,69.95950827627563,83.91794409596268,0.047887504012288674,0.0401862088459843,0.83203125,,
8.15997500000149,1647,,,,-0.0625,0.025390625,-1.150390625,0.13230512045580828,3.349707202149578,9.006333351135254,9.351759968064725,5057,0,84.2250676921929,70.06244631463848,83.18479074506318,0.04781030892222368,0.039770905431520044,0.82421875,,
8.195545000001788,1647,,,,-0.2265625,0.103515625,-0.818359375,0.13289497366030997,3.33875573369105,8.987001419067383,9.84411054637283,5064,0,88.46903544970881,70.47852255222877,79.66462185777198,0.04737266918750793,0.03773925777216145,0.822265625,,
8.225150000000372,1647,,,,-0.115234375,0.140625,-1.013671875,0.13860460887306436,3.360875659217649,9.009334564208984,9.15481954600662,5066,0,82.47883216493344,73.5327622998659,89.15349595738937,0.04570582627525987,0.040748341980605216,0.830078125,,
8.26335000000149,1647,,,,0.0625,0.001953125,-1.00390625,0.13224163762291416,3.397682317022822,9.005334854125977,9.30469518687576,5065,0,83.7918958733905,70.14435453893678,83.71257602874252,0.048438428713985605,0.04054905646432344,0.826171875,,
8.301000000001862,1647,,,,-0.09375,0.05078125,-0.96875,0.13164158979294135,3.376221076842012,9.008615493774414,9.17194086100906,5064,0,82.62648854846887,69.80730459097781,84.48538213024591,0.048364868069671454,0.04086124360545122,0.828125,,
8.335130000002682,1647,,,,-0.0625,0.189453125,-1.123046875,0.1313689074742349,3.361796387082208,9.0090913772583,9.170540867112576,5061,0,82.61824065069877,69.62892155982327,84.2779040214703,0.04828160930503346,0.040690728350117375,0.828125,,
8.372790000000968,1647,,,,0.0625,0.080078125,-0.818359375,0.13173813928617825,3.362395281258743,9.006333351135254,9.255324421189725,5060,0,83.35653701013761,69.81249570574862,83.75167468540373,0.04816322990988376,0.04033751163210892,0.830078125,,
8.408015000000596,1647,,,,-0.1171875,0.150390625,-1.005859375,0.1324872426144706,3.3569906367647544,9.005000114440918,9.252883014939725,5061,0,83.32221260844065,70.21881405043425,84.2738230925483,0.047807566706461545,0.04028926419105541,0.830078125,,
8.443110000001267,1647,,,,-0.08203125,-0.01171875,-0.984375,0.1325537578883537,3.3506652644062056,9.006999969482422,9.33182149913162,5059,0,84.0517159578939,70.22365285294488,83.54814896119878,0.04771419782765819,0.039864329076692934,0.830078125,,
8.485110000001267,1647,,,,-0.1640625,0.0703125,-0.91796875,0.13263240516800276,3.355852779935794,9.007637023925781,9.243783054612576,5058,0,83.264642483866,70.2513214381078,84.37113202247909,0.047769247769842135,0.04030345510203866,0.83203125,,
8.521175000000746,1647,,,,-0.1171875,-0.0390625,-1.04296875,0.13205887541322373,3.3547898726006866,9.005715370178223,9.156621990464627,5059,0,82.4619313984392,69.9624770468722,84.8421518395292,0.04795127351413108,0.04068289228384704,0.83203125,,
8.563160000002012,1647,,,,-0.1171875,0,-0.90234375,0.1325031113331233,3.3529333989018264,9.010910034179688,9.242451725266873,5059,0,83.28290099162864,70.19192362667344,84.28131440057417,0.04776807965450441,0.04025956539672956,0.82421875,,
8.599480000000447,1647,,,,-0.109375,0.134765625,-0.990234375,0.13256383840933195,3.3522596955862958,9.004858016967773,9.251138744615018,5059,0,83.30519089052773,70.22318367488273,84.29628805144183,0.04773722181418733,0.040240706008243074,0.828125,,
8.638360000001267,1647,,,,0.0625,-0.10546875,-0.828125,0.13236357082949124,3.3567211554385414,9.006333351135254,9.25206953074783,5058,0,83.32722238179649,70.11308230360895,84.1418690069354,0.047875817823883636,0.04028360791937119,0.826171875,,
8.676365000002086,1647,,,,-0.0859375,0.185546875,-1.015625,0.13260625003429774,3.344579477789243,9.010462760925293,9.319928226731717,5057,0,83.97686622146264,70.22101253711372,83.61947247701269,0.04762932570961635,0.039827390902739374,0.8359375,,
8.710730000000448,1647,,,,-0.0703125,0.04296875,-1.06640625,0.13253980252877814,3.3395342820850606,9.010334014892578,9.33996015574783,5056,0,84.15616068907606,70.17938235387913,83.39185364356672,0.04758568927331788,0.03968258835408768,0.833984375,,
8.753035000002011,1647,,,,-0.115234375,0.013671875,-0.91015625,0.1324129632991722,3.338733276913866,9.004364967346191,9.355644283555447,5057,0,84.24163563379933,70.11640378514407,83.23248148925072,0.04761700681547591,0.03963281638342624,0.837890625,,
8.800950000001118,1647,,,,0.046875,-0.0859375,-0.931640625,0.1326355566051226,3.3514662695774007,9.005143165588379,9.36972147013992,5057,0,84.3756832602972,70.24308907474718,83.25039437968015,0.0477123986675904,0.03972076005877426,0.837890625,,
8.846005000002682,1647,,,,-0.173828125,0.15234375,-1.076171875,0.13272727748013974,3.3551566198430782,9.008749961853027,9.249831257127225,5057,0,83.32941698479182,70.29147065362139,84.35372908759227,0.047732058934667095,0.04026377168167895,0.83984375,,
9.02651000000164,1647,,,,0.046875,-0.009765625,-0.970703125,0.13250902268692286,3.3503041313581097,9.005066871643066,9.29406171824783,5059,0,83.69364728199957,70.2001387816667,83.87749974037158,0.04772503572646877,0.04003056671756109,0.837890625,,
9.063825000001117,1647,,,,-0.078125,0.12890625,-1.013671875,0.1325852942665248,3.3614692199096035,9.008195877075195,9.279658375047147,5059,0,83.59298031476601,70.23925884047902,84.02530759879109,0.04785741301091836,0.04021233849124802,0.833984375,,
9.100730000000446,1647,,,,-0.1796875,0.09765625,-1.005859375,0.13189481991766647,3.3609355907417595,9.002667427062988,9.32815938975662,5058,0,83.97831669261367,69.86317825675685,83.19192502092827,0.048107396122029494,0.04002146891135973,0.822265625,,
9.164705000001938,1647,,,,0.046875,-0.21484375,-1.00390625,0.13255194769259165,3.3447815887839023,9.007333755493164,9.30455976512283,5058,0,83.80927525239441,70.20442372430743,83.76689037446569,0.047643459077719226,0.03990944413623649,0.8203125,,
9.198950000001117,1647,,,,-0.09765625,0.203125,-0.927734375,0.1323489041599262,3.355400696940101,9.006476402282715,9.16906171824783,5057,0,82.58093799647288,70.08898760270459,84.87308246086786,0.04787343649418932,0.040631661232564516,0.822265625,,
9.233555000001564,1647,,,,-0.052734375,-0.0078125,-0.9765625,0.1326032617221945,3.3545428480516586,9.003666877746582,9.23986249949783,5056,0,83.19264394166136,70.21308233775846,84.39818595859896,0.04777660709886948,0.040322589704013055,0.83203125,,
9.274250000001862,1647,,,,-0.16015625,0.240234375,-0.95703125,0.13259712025353732,3.3672010315761973,9.007999420166016,9.317469654344022,5056,0,83.9317612437454,70.20028487209728,83.63971377680176,0.04796563201575509,0.04011831732921155,0.83203125,,
9.311325000001117,1647,,,,-0.033203125,0.1171875,-1.0078125,0.13235665212367448,3.3617589123352816,9.012001037597656,9.37551694896072,5058,0,84.49216847204843,70.10907232653801,82.97700673847824,0.04795041213322078,0.03978781670691069,0.830078125,,
9.358290000000968,1647,,,,-0.1953125,0.068359375,-0.962890625,0.13193865614630593,3.374926162927619,9.00461483001709,9.330444393418729,5058,0,84.01705795562809,69.87821283826008,83.17145891393251,0.04829725927220282,0.04016953515213564,0.822265625,,
9.402270000001415,1647,,,,0.0546875,0,-1.005859375,0.1328389087032942,3.3470029851120082,9.006134033203125,9.16385274913162,5058,0,82.53088611921629,70.36757942410988,85.26211547330722,0.04756456044820596,0.04055455045372038,0.81640625,,
9.436280000001192,1647,,,,-0.130859375,0.044921875,-0.970703125,0.1325031433914478,3.361886214190945,9.005999565124512,9.473830280564725,5058,0,85.32131138682934,70.1786712169059,82.25221820458219,0.04790467183113427,0.039402655204733586,0.806640625,,
9.477370000001043,1647,,,,-0.05078125,-0.013671875,-1.12109375,0.13335700436587603,3.355216551367189,9.00545597076416,9.172316608689725,5058,0,82.60089336946416,70.63799854472019,85.51723312333277,0.04749874883902658,0.040619615775336675,0.810546875,,
9.52719000000134,1647,,,,-0.14453125,0.08984375,-0.8828125,0.13235210440447318,3.3478657464204598,9.010666847229004,9.17516523387283,5059,0,82.67435719070606,70.11525511590672,84.8089510441199,0.04774803629946353,0.040494608729740623,0.8125,,
9.563125000001863,1647,,,,-0.041015625,0.111328125,-1.001953125,0.13207966961647488,3.338199928455737,9.007294654846191,9.27772813823074,5058,0,83.56723106860186,69.95557838734732,83.71173424415548,0.04771885252626986,0.03994627901115149,0.814453125,,
9.608425000000745,1647,,,,-0.09375,0.1171875,-0.96484375,0.1326562246720951,3.34724439546674,9.006999969482422,9.343215046189725,5058,0,84.15433763589856,70.25856175926334,83.48774850233323,0.04764180068097419,0.03977506673451462,0.8203125,,
9.652320000002161,1647,,,,0.0546875,0.021484375,-0.890625,0.13261680974663462,3.3545709190231388,9.008286476135254,9.19463830973953,5059,0,82.82793593858172,70.25043079902392,84.8148997110296,0.047751606372636625,0.04050047705535737,0.833984375,,
9.689089999999851,1647,,,,-0.046875,0.0390625,-0.890625,0.1324215977581604,3.3395417208925027,9.008533477783203,9.28494649913162,5057,0,83.64375137685315,70.12845506141815,83.84183385732852,0.047620352080589096,0.039925776473682395,0.83984375,,
9.730670000001789,1647,,,,-0.16796875,0.033203125,-1.1171875,0.13236520795036227,3.34133082425981,9.008999824523926,9.23009687449783,5058,0,83.15394112268979,70.11710876335252,84.32205114595588,0.04765357390215429,0.04018247095865042,0.84375,,
9.770960000000894,1647,,,,-0.068359375,-0.0625,-0.87890625,0.13298664291019544,3.373092146005943,9.001143455505371,9.454822597764432,5060,0,85.1042145488316,70.46956629409041,82.80385015909637,0.04786594161696737,0.03963484257375421,0.845703125,,
9.809685000000522,1647,,,,-0.109375,-0.08984375,-0.947265625,0.13409916643833433,3.3563243722566654,9.005538940429688,9.31354242350906,5061,0,83.87346896825473,71.07089901409609,84.73585257454383,0.04722501641059835,0.04001652028398874,0.845703125,,
9.850235000001266,1647,,,,-0.0625,-0.046875,-0.90625,0.13324169115993598,3.365262169576042,9.008000373840332,9.18997007396072,5061,0,82.78325386181963,70.61360512706077,85.29938342956144,0.04765741904156648,0.04065148460089863,0.83984375,,
9.901770000001415,1647,,,,-0.1875,0.044921875,-0.96484375,0.13119425227435794,3.36844359312878,9.008615493774414,9.336830196641385,5060,0,84.1119131722044,69.51192786769644,82.64219091697862,0.04845849764863394,0.04004716414228365,0.830078125,,
9.940745000001042,1647,,,,0.00390625,0.095703125,-1.044921875,0.13273603321565394,3.3745698019446744,9.003578186035156,9.221915302537381,5060,0,83.03023545138936,70.3293985816359,84.70335920317936,0.04798234977123531,0.04064266208085536,0.82421875,,
9.980290000002832,1647,,,,-0.2578125,0.10546875,-1.009765625,0.1328455976354883,3.3560548909304533,9.007000923156738,9.18615156199783,5059,0,82.73967559917217,70.37344126644203,85.05404542237065,0.04768922523234354,0.040561615290694124,0.8125,,
10.030820000000299,1647,,,,-0.03515625,0.27734375,-1.046875,0.13198902031874962,3.371857023260803,8.995667457580566,9.55521017100662,5058,0,85.95549318566708,69.91186187674872,81.33495520261455,0.04823011335623168,0.039227941092461256,0.8125,,
10.071990000000223,1647,,,,-0.033203125,0.01171875,-1.03125,0.1347421601822407,3.362092816541042,9.006824493408203,9.161976871751248,5062,0,82.52031769652861,71.42746540721778,86.55742900784121,0.047070028277964075,0.04074260631066954,0.810546875,,
10.110835000002757,1647,,,,0.02734375,0.046875,-0.91796875,0.13184005068274177,3.3615194669485535,9.007715225219727,9.083030758164822,5061,0,81.81735445146035,69.87317485606562,85.4014106475652,0.04810886973252717,0.04108565339817773,0.8125,,
10.161025000002235,1647,,,,-0.125,-0.03125,-0.951171875,0.13230202824006668,3.35465513193758,9.004308700561523,9.173443851731717,5061,0,82.60052028826051,70.11823918791079,84.88837472598372,0.047842831919201446,0.04061300243909428,0.8046875,,
10.209415000000968,1647,,,,-0.03125,0.078125,-0.947265625,0.1321054830950575,3.364384530652706,9.008749008178711,9.230910358689725,5060,0,83.15895453843265,70.0017181267609,84.1782084867469,0.04806145649968751,0.040457273054074115,0.80078125,,
10.381175000000745,1647,,,,-0.162109375,0.00390625,-1.017578125,0.13191402352184156,3.358057333681012,9.007467269897461,9.14725118663162,5058,0,82.39356567311502,69.87534289379963,84.80679567992033,0.04805782976671429,0.04075630549846132,0.79296875,,
10.418770000001416,1647,,,,-0.029296875,0.0390625,-0.99609375,0.1323742130765651,3.346291526339836,9.005354881286621,9.286524830125272,5058,0,83.62845170915803,70.11119712153639,83.83653611735899,0.04772834673667182,0.040013792650108196,0.796875,,
10.452550000000745,1647,,,,-0.09375,0.109375,-1.025390625,0.13251935494851122,3.3465819205398013,9.005000114440918,9.094191608689725,5057,0,81.89319647699861,70.17805075167585,85.69460440024075,0.04768701730376695,0.04086520082873743,0.796875,,
10.531845000002534,1647,,,,0.017578125,-0.01171875,-0.83984375,0.1321523457831363,3.3568857916862744,9.002547264099121,9.15678030040115,5055,0,82.4343474413331,69.96199138545629,84.86995234025095,0.047981564349583464,0.04072193079559833,0.79296875,,
10.567300000000746,1647,,,,-0.029296875,0.01171875,-0.98828125,0.13356241873903907,3.3534616945850884,9.003000259399414,9.461099682115018,5059,0,85.17828289228522,70.7595582864742,83.07229951554123,0.04739234918635872,0.03936991426354309,0.796875,,
10.605375000001862,1647,,,,-0.0078125,0.212890625,-1.015625,0.13257508656050054,3.3576268653333585,9.01200008392334,9.14261251475662,5061,0,82.39322475026523,70.26587580939064,85.28113327566346,0.04778460136811717,0.040751249577988514,0.8125,,
10.64672000000067,1647,,,,-0.1015625,-0.044921875,-1.076171875,0.13179031253915666,3.3362480134538437,9.006771087646484,9.193349895738065,5061,0,82.80239803955142,69.84087287420223,84.3464374556423,0.04776927716042599,0.040291683483131134,0.814453125,,
10.686875000001862,1647,,,,-0.0078125,-0.01953125,-0.884765625,0.1321568669705303,3.3418547689424924,9.003334045410156,9.35013204600662,5060,0,84.18236217889192,70.0222997768716,83.17930022926959,0.047725578559850566,0.03969780227645402,0.8125,,
10.730995000001043,1647,,,,-0.1640625,0.033203125,-0.978515625,0.13267680667762508,3.3330891870331483,9.008923530578613,9.28424554850906,5060,0,83.64105818563303,70.30311180499086,84.05335050754628,0.047410265370309394,0.039849916528263994,0.818359375,,
10.765605000000447,1647,,,,-0.080078125,0,-1.005859375,0.13248186438619491,3.34379728016894,9.007734298706055,9.21691328074783,5060,0,83.02350588719158,70.20351972603467,84.55860659681596,0.04763005178683238,0.04027530811228731,0.814453125,,
10.800395000001416,1647,,,,-0.072265625,0.23046875,-1.10546875,0.13268567025908526,3.361661646419102,9.004364967346191,9.315249500535428,5058,0,83.87790626471032,70.27460650693766,83.78202274763274,0.047836079254136146,0.040078034802275966,0.8125,,
10.839345000000671,1647,,,,0.080078125,-0.08984375,-1.140625,0.13243565600328155,3.3630016142427213,9.007272720336914,9.135029850266873,5061,0,82.28170516977221,70.18254926601945,85.29544826667299,0.04791791762216592,0.040871802635881506,0.80859375,,
10.876080000000075,1647,,,,-0.0390625,0.107421875,-0.974609375,0.13219621817217592,3.33514763137181,9.008923530578613,9.177199421189725,5058,0,82.67668781036855,70.02512195505066,84.69754148311293,0.047627873229733914,0.04033963768627831,0.806640625,,
10.915025000000373,1647,,,,-0.125,0.083984375,-1.09765625,0.13258461457507958,3.3441603781850398,9.004666328430176,9.25491720225662,5058,0,83.33744130356939,70.2261292763175,84.26720112573179,0.04761988753540484,0.04012794640530687,0.80859375,,
10.950660000000148,1647,,,,-0.08203125,-0.05078125,-1.0234375,0.1327454308543643,3.3405597146732418,9.003334999084473,9.351759968064725,5060,0,84.19702782351423,70.33881274821965,83.54073126625936,0.047492409725920406,0.039675506381002,0.80078125,,
10.98522500000149,1647,,,,-0.080078125,0.19140625,-0.921875,0.13252780438016826,3.331771675986713,9.00666618347168,9.30008321788162,5057,0,83.76274502196686,70.18786968792635,83.79365990157022,0.04746933751944093,0.0397762952385688,0.8046875,,
11.025665000000968,1647,,,,-0.125,0.125,-1.13671875,0.13176796895866907,3.341300788320326,9.008728981018066,9.261095104478299,5059,0,83.4306958636782,69.81238510756896,83.67709796120974,0.0478611464594993,0.04004881840827329,0.802734375,,
11.062035000002012,1647,,,,-0.2578125,0.19921875,-0.94921875,0.13207823928549475,3.36057628230681,9.00628662109375,9.30694299723953,5058,0,83.82099619932055,69.96004688335918,83.4636308986343,0.04803564937441691,0.04009229709362546,0.80859375,,
11.098800000002608,1647,,,,0.046875,0.041015625,-0.9296875,0.13304663636538575,3.3638024790590584,9.006546020507812,9.243783054612576,5057,0,83.25455748495845,70.45757083376854,84.62908573683556,0.047742243157876126,0.040403823894767495,0.80859375,,
11.138300000000745,1647,,,,-0.240234375,0.240234375,-1.11328125,0.1324025121531351,3.3608532024404645,9.00615406036377,9.245558796189725,5055,0,83.26692689263605,70.09502025878596,84.18110632228102,0.04794710366060852,0.040362402310991155,0.814453125,,
11.17588000000082,1647,,,,-0.0234375,0.048828125,-0.986328125,0.1321539248182667,3.3462264016860015,9.004615783691406,9.337204990647733,5057,0,84.07794343434874,69.98076046533829,83.23319720585451,0.04781637666460339,0.039799099085943535,0.8203125,,
11.210460000000895,1647,,,,-0.203125,0.046875,-0.927734375,0.1328397087699645,3.3475513515398787,9.008333206176758,9.34240156199783,5057,0,84.15946621638267,70.35176280368594,83.59340424380105,0.04758304864202337,0.03977629020285108,0.81640625,,
11.26110000000149,1647,,,,-0.017578125,0.0703125,-0.943359375,0.13207527835323984,3.3477983760889067,9.002547264099121,9.131922779344022,5057,0,82.21056643314796,69.9490396861089,85.08521802120183,0.04786053377018329,0.04072223950447138,0.822265625,,
11.301955000001938,1647,,,,-0.0859375,0.017578125,-0.9453125,0.13189300826805786,3.3546607461318763,9.005412101745605,9.383139667771756,5056,0,84.49903951652101,69.83849645756578,82.65004768949021,0.04803454994438755,0.03970057843646829,0.82421875,,
11.340635000001638,1647,,,,-0.041015625,0,-0.982421875,0.13270047654609105,3.345417957707364,9.004616737365723,9.283119259141385,5057,0,83.5909310558266,70.28047941501679,84.0766797633581,0.04760095528023035,0.04002130273525857,0.826171875,,
11.384675000002607,1647,,,,-0.1640625,0.046875,-0.919921875,0.13264355609746675,3.345313112628885,9.010154724121094,9.099825916551053,5057,0,81.99083947069204,70.24680018701584,85.67640073026188,0.04762228462681238,0.04080105941377366,0.830078125,,
11.417570000002161,1647,,,,-0.0625,0.0625,-0.927734375,0.1323021909175283,3.3516908373492442,9.006001472473145,9.215564785264432,5056,0,82.99539002576313,70.04665740517873,84.39825077445278,0.047849404404291314,0.040384060323215835,0.830078125,,
11.467395000001416,1647,,,,-0.03125,0,-1.013671875,0.13273269294960718,3.335207562895921,9.005334854125977,9.17068868663162,5056,0,82.5851224660625,70.27529708287003,85.09437896849875,0.04745917415280334,0.04038508950890628,0.83203125,,
11.514130000002682,1647,,,,-0.181640625,0.123046875,-0.984375,0.1328003381366111,3.3391655698746647,9.00575065612793,9.233351764939725,5056,0,83.15326371536591,70.31484124870903,84.56053088835709,0.0474887735017957,0.0401567589854879,0.83203125,,
11.556835000000895,1647,,,,-0.076171875,-0.037109375,-0.94921875,0.13278462524031273,3.338907316937045,9.010000228881836,9.240981159470975,5057,0,83.26124236192622,70.31324940921324,84.4489553777859,0.04748617572066785,0.04010157934496379,0.83203125,,
