Time (s),ESC signal (µs),Servo 1 (µs),Servo 2 (µs),Servo 3 (µs),AccX (g),AccY (g),AccZ (g),Torque (N·m),Thrust (kgf),Voltage (V),Current (A),Motor Electrical Speed (RPM),Motor Optical Speed (RPM),Electrical Power (W),Mechanical Power (W),Motor Efficiency (%),Propeller Mech. Efficiency (kgf/W),Overall Efficiency (kgf/W),Vibration (g),App message,
0,,,,,-0.0625,-0.056640625,-0.943359375,0.0002880717662306119,0.05590186265180819,11.277000427246094,-0.05615234375,0,0,0.6332300044596195,0,0,0,0,0.060546875,,
0.03072999999858439,,,,,-0.0703125,-0.048828125,-0.9453125,0.0005487732615657151,0.05579010394285433,11.277091026306152,-0.055930398404598236,0,0,0.6307321939462227,0,0,0,0,0.060546875,,
0,,,,,-0.0625,-0.05859375,-0.9453125,0.00038677566845389083,0.054462580010294914,11.276888847351074,-0.0542534738779068,0,0,0.61181039450382,0,0,0,0,0.060546875,,
0.07123000000044703,,,,,-0.08203125,-0.017578125,-0.96484375,0.0006016320327077992,0.05610985681414604,11.277200698852539,-0.05078125,0,0,0.5726703479886055,0,0,0,0,0.0625,,
0.10325500000081957,,,,,-0.08203125,-0.0234375,-0.958984375,0.00011643755753411565,0.05603845420409925,11.277143478393555,-0.0537109375,0,0,0.6057059485465288,0,0,0,0,0.064453125,,
0.14618500000052154,,,,,-0.072265625,-0.046875,-0.9453125,0.0000766366649568081,0.056303881137864664,11.27745532989502,-0.048828125,0,0,0.5506569985300303,0,0,0,0,0.064453125,,
0.18147499999962746,,,,,-0.0625,-0.009765625,-0.994140625,0.00051421833674144,0.05474721547216177,11.271468162536621,0.1178385391831398,0,0,1.3282133427225844,0,0,0,0,0.068359375,,
0.21381999999843537,,,,,-0.087890625,-0.005859375,-0.98828125,0.0005460362378172577,0.05638692528009415,11.271273612976074,0.126953125,0,0,1.4309234078973532,0,0,0,0,0.072265625,,
0.2568849999997765,,,,,-0.072265625,-0.015625,-0.978515625,0.0003811305569726974,0.05532909926841967,11.271334648132324,0.1188151016831398,0,0,1.3392047723225389,0,0,0,0,0.07421875,,
0.29827499999850987,,,,,-0.0625,-0.01171875,-0.9765625,0.0002522623610513157,0.05389796569943428,11.273715019226074,-0.0034877231810241938,0,0,0.03931959720881539,0,0,0,0,0.076171875,,
0.33711499999836086,,,,,-0.076171875,-0.029296875,-0.95703125,0.0003333181733668316,0.05421636160463095,11.276286125183105,-0.0516183041036129,0,0,0.5820627663690523,0,0,0,0,0.076171875,,
0.4321699999999255,,,,,-0.0625,-0.03515625,-0.96484375,0.0002948002773770806,0.053302694141166285,11.275693893432617,-0.048076923936605453,0,0,0.5421006776470065,0,0,0,0,0.076171875,,
0.4604599999990314,,,,,-0.0625,-0.046875,-0.953125,0.00021451423628535122,0.0559026375412941,11.276727676391602,-0.046460699290037155,0,0,0.5239246535484696,0,0,0,0,0.076171875,,
0.5028249999992549,,,,,-0.0625,-0.05859375,-0.943359375,0.00034783010415070985,0.055727239669067785,11.275201797485352,-0.05078125,0,0,0.572568841278553,0,0,0,0,0.07421875,,
0.5497550000008196,,,,,-0.0625,-0.056640625,-0.9453125,0.00036630502280553105,0.05343075099517591,11.276286125183105,-0.0460379458963871,0,0,0.5191370505433603,0,0,0,0,0.07421875,,
0.588969999998808,,,,,-0.0625,-0.05078125,-0.94921875,0.0006645835789223202,0.05434965714812279,11.27733325958252,-0.0499131940305233,0,0,0.5628877231324161,0,0,0,0,0.072265625,,
0.6275599999986589,,,,,-0.0703125,-0.048828125,-0.9453125,0.00027917642234265804,0.055082298786146566,11.277667999267578,-0.0626627579331398,0,0,0.7066897798884213,0,0,0,0,0.072265625,,
0.6628100000005216,,,,,-0.0625,-0.05078125,-0.951171875,0.0004492139976573752,0.05496355515788309,11.2760009765625,-0.05258413404226303,0,0,0.5929387468122513,0,0,0,0,0.072265625,,
0.69625,,,,,-0.0625,-0.05078125,-0.951171875,0.0003204598583134019,0.05538575351238251,11.277454376220703,-0.05415482819080353,0,0,0.6107286041738575,0,0,0,0,0.0703125,,
0.741660000000149,,,,,-0.0703125,-0.046875,-0.943359375,0.0003705245899474248,0.055407872423529625,11.278182029724121,-0.057705964893102646,0,0,0.6508183762652813,0,0,0,0,0.0703125,,
0.7854749999996274,,,,,-0.068359375,-0.015625,-0.9765625,0.0002584776802449487,0.05401845555752516,11.275751113891602,-0.05615234375,0,0,0.6331598525866866,0,0,0,0,0.072265625,,
0.820214999999851,,,,,-0.068359375,-0.05078125,-0.943359375,0.00022631765120057387,0.05420413799583912,11.27786636352539,-0.0520833320915699,0,0,0.5873888590958387,0,0,0,0,0.072265625,,
0.8581649999991059,,,,,-0.0625,-0.05859375,-0.943359375,0.00047572894027875733,0.05506561137735844,11.275636672973633,-0.06303267180919647,0,0,0.710733505847287,0,0,0,0,0.072265625,,
0.904035000000149,,,,,-0.0703125,-0.05078125,-0.943359375,0.0004928353387066163,0.05407414209912531,11.277538299560547,-0.05033052712678909,0,0,0.567604447309435,0,0,0,0,0.0703125,,
0.9394149999991059,,,,,-0.0625,-0.05859375,-0.943359375,0.00043262081624055284,0.05527108442038298,11.277750015258789,-0.0518798828125,0,0,0.5850883491802961,0,0,0,0,0.0703125,,
0.9779499999992549,,,,,-0.0625,-0.048828125,-0.951171875,0.0003081432681508106,0.05448547381092794,11.277538299560547,-0.05483774095773697,0,0,0.6184347239122587,0,0,0,0,0.0703125,,
1.007949999999255,,,,,-0.0625,-0.060546875,-0.9453125,0.00043872209765042806,0.056656233937246725,11.278334617614746,-0.0618489570915699,0,0,0.6975532338292219,0,0,0,0,0.068359375,,
1.0373100000005215,,,,,-0.0625,-0.056640625,-0.943359375,-0.00011586733311620886,0.05252426490187645,11.277777671813965,-0.0434027761220932,0,0,0.489486859444483,0,0,0,0,0.068359375,,
1.0740950000006706,,,,,-0.0625,-0.044921875,-0.955078125,0.00009807669545670278,0.0525273680977989,11.276727676391602,-0.05415482819080353,0,0,0.6106892498694663,0,0,0,0,0.068359375,,
1.1110199999976904,,,,,-0.0859375,-0.02734375,-0.94921875,0.00017380100802704692,0.05377223715186119,11.278332710266113,-0.0537109375,0,0,0.6057698233053088,0,0,0,0,0.068359375,,
1.1449799999985844,,,,,-0.0625,-0.041015625,-0.958984375,0.0005631426529505838,0.05441950634121895,11.27733325958252,-0.05615234375,0,0,0.6332486937753856,0,0,0,0,0.0703125,,
1.188074999999255,,,,,-0.072265625,-0.048828125,-0.943359375,0.0002906377092893235,0.0552949495613575,11.277817726135254,-0.05237926170229912,0,0,0.5907237661080664,0,0,0,0,0.068359375,,
1.2324999999981374,,,,,-0.0625,-0.056640625,-0.943359375,0.00015729333354416305,0.054710544645786285,11.277250289916992,-0.047607421875,0,0,0.5368808121420443,0,0,0,0,0.068359375,,
1.2664549999982118,,,,,-0.0625,-0.056640625,-0.94140625,0.0004047373868031427,0.05495501682162285,11.276572227478027,-0.0565011166036129,0,0,0.6371389223137989,0,0,0,0,0.068359375,,
1.3021149999983608,,,,,-0.0625,-0.060546875,-0.943359375,0.00010126987869292498,0.053460244089365005,11.277000427246094,-0.0577799491584301,0,0,0.6515845113458738,0,0,0,0,0.068359375,,
1.3327299999985844,,,,,-0.0625,-0.05859375,-0.943359375,0.0002622981203641487,0.05341367796063423,11.277667999267578,-0.05859375,0,0,0.6608008593320847,0,0,0,0,0.06640625,,
1.3768649999983609,,,,,-0.0625,-0.05859375,-0.943359375,0.000353304143294891,0.05412846803665161,11.277600288391113,-0.0595703125,0,0,0.6718101734295487,0,0,0,0,0.06640625,,
1.4128300000000744,,,,,-0.0625,-0.056640625,-0.9453125,0.0003568679790849395,0.05378329660743475,11.27786636352539,-0.05078125,0,0,0.5727041512727737,0,0,0,0,0.06640625,,
1.455230000000447,,,,,-0.0625,-0.05859375,-0.9453125,0.00019581124623938115,0.05224021151661873,11.275385856628418,-0.05108173191547394,0,0,0.5759662375718193,0,0,0,0,0.06640625,,
1.4936399999987333,,,,,-0.0625,-0.05859375,-0.943359375,0.0002733602134662515,0.05561703073908575,11.277714729309082,-0.0474330373108387,0,0,0.5349362635363129,0,0,0,0,0.064453125,,
1.5317699999995529,,,,,-0.0625,-0.05859375,-0.9453125,0.000250437672983855,0.05588090789387934,11.278462409973145,-0.05408653989434242,0,0,0.6100130070838539,0,0,0,0,0.064453125,,
1.5732400000002236,,,,,-0.0625,-0.056640625,-0.94140625,0.00024407978933301168,0.05470200630952604,11.277231216430664,-0.05333533510565758,0,0,0.6014749059923119,0,0,0,0,0.064453125,,
1.6621949999984353,,,,,-0.0625,-0.05859375,-0.943359375,0.0002687415193016641,0.05487585440278053,11.27742862701416,-0.0432477667927742,0,0,0.48772360328326414,0,0,0,0,0.064453125,,
1.6937249999996276,,,,,-0.0625,-0.056640625,-0.943359375,0.00025268592817254457,0.05508440517587587,11.278322219848633,-0.050718244165182114,0,0,0.5720167001198817,0,0,0,0,0.0625,,
1.7356399999987333,,,,,-0.0625,-0.056640625,-0.943359375,0.0005395358064146713,0.053476542234420776,11.277999877929688,-0.05078125,0,0,0.5727109313011169,0,0,0,0,0.0625,,
1.7956349999979138,,,,,-0.0625,-0.05859375,-0.943359375,0.00025767937608315954,0.05481066182255745,11.277867317199707,-0.0533854179084301,0,0,0.6020736598445318,0,0,0,0,0.0625,,
1.8269549999982118,,,,,-0.06640625,-0.041015625,-0.953125,-0.00002709653510972857,0.05503324791789055,11.276728630065918,0.01553622167557478,0,0,0.1751977557720048,0,0,0,0,0.0625,,
1.8597049999982118,,,,,-0.08203125,0.001953125,-0.986328125,0.00003079151717014611,0.054552219808101654,11.271556854248047,0.1236979141831398,0,0,1.3942680724671561,0,0,0,0,0.06640625,,
1.895824999999255,,,,,-0.08203125,0,-0.98828125,0.0003389918010805606,0.05532832074095495,11.271636962890625,0.11541192978620529,0,0,1.300881373736729,0,0,0,0,0.0703125,,
1.9245649999994785,,,,,-0.1015625,0.001953125,-0.98828125,0.00022215508311281674,0.05595463517238386,11.27066707611084,0.1253255158662796,0,0,1.4125021654706842,0,0,0,0,0.072265625,,
1.960129999998957,,,,,-0.103515625,0.01171875,-0.982421875,0.00019963166965311394,0.05434965714812279,11.273200988769531,-0.013671875,0,0,0.15412579476833344,0,0,0,0,0.076171875,,
1.993035000000149,,,,,-0.0703125,-0.0390625,-0.953125,0.00030951176331957215,0.05625654011964798,11.276667594909668,-0.0496419258415699,0,0,0.5597954964865401,0,0,0,0,0.076171875,,
2.0139199999999255,,,,,-0.0703125,-0.041015625,-0.951171875,0.00045742509396094825,0.05359528586268425,11.274910926818848,-0.04350142180919647,0,0,0.49047465608866503,0,0,0,0,0.076171875,,
2.0431949999984353,,,,,-0.078125,-0.02734375,-0.958984375,0.0005161000405685045,0.05357200279831886,11.275429725646973,-0.0446428582072258,0,0,0.5033674104675967,0,0,0,0,0.076171875,,
2.0762799999993296,,,,,-0.0625,-0.05859375,-0.9453125,0.00014101374715789512,0.05410751327872276,11.27733325958252,-0.0499131940305233,0,0,0.5628877231324161,0,0,0,0,0.076171875,,
2.105355000000447,,,,,-0.0625,-0.046875,-0.953125,0.0003840956771705044,0.05496898666024208,11.277091979980469,-0.05415482819080353,0,0,0.6107089786677307,0,0,0,0,0.076171875,,
2.1525099999997765,,,,,-0.0625,-0.048828125,-0.953125,0.0004302259204606526,0.0547897070646286,11.2760009765625,-0.0556640625,0,0,0.627668023109436,0,0,0,0,0.07421875,,
2.1836799999978393,,,,,-0.0625,-0.044921875,-0.95703125,0.0005015596019048244,0.054300762712955475,11.276250839233398,-0.05126953125,0,0,0.5781280947849154,0,0,0,0,0.07421875,,
2.2124399999994786,,,,,-0.072265625,-0.048828125,-0.943359375,0.00041705399367120117,0.0538781750947237,11.277200698852539,-0.05078125,0,0,0.5726703479886055,0,0,0,0,0.07421875,,
2.257894999999553,,,,,-0.0625,-0.060546875,-0.9453125,0.00016576100076595322,0.05441717803478241,11.278800010681152,-0.0419921875,0,0,0.47362148482352495,0,0,0,0,0.07421875,,
2.2897599999997764,,,,,-0.0625,-0.05078125,-0.94921875,0.00019467081410903483,0.0542301386303734,11.277000427246094,-0.0506591796875,0,0,0.5712835909798741,0,0,0,0,0.072265625,,
2.3295099999997766,,,,,-0.0625,-0.05859375,-0.943359375,0.00022620361968136627,0.05513429641723633,11.277200698852539,-0.0517578125,0,0,0.5836832392960787,0,0,0,0,0.072265625,,
2.360390000000596,,,,,-0.0625,-0.056640625,-0.943359375,0.0005638269151522484,0.05394918844103813,11.278286933898926,-0.0481305792927742,0,0,0.5428304835586815,0,0,0,0,0.072265625,,
2.4092099999990313,,,,,-0.0625,-0.048828125,-0.953125,0.0002673159916678316,0.055174652516143396,11.277199745178223,-0.056640625,0,0,0.6387476418167353,0,0,0,0,0.0703125,,
2.444609999999404,,,,,-0.0625,-0.056640625,-0.9453125,0.00019270357828983105,0.05471869371831417,11.278822898864746,-0.05342371389269829,0,0,0.6025566075953641,0,0,0,0,0.0703125,,
2.4801349999997764,,,,,-0.0625,-0.056640625,-0.94140625,0.00010959498145750483,0.054424162954092026,11.277999877929688,-0.06591796875,0,0,0.743422843515873,0,0,0,0,0.0703125,,
2.5174399999994783,,,,,-0.0625,-0.048828125,-0.951171875,0.0004422573984142904,0.05502796921064146,11.277667045593262,-0.048828125,0,0,0.5506673362106085,0,0,0,0,0.068359375,,
2.5554999999981374,,,,,-0.0625,-0.05859375,-0.943359375,0.0004022284469749344,0.05414476618170738,11.277847290039062,-0.05108173191547394,0,0,0.5760919718534296,0,0,0,0,0.068359375,,
2.5951399999987332,,,,,-0.0625,-0.05859375,-0.943359375,0.00019045124696714108,0.055232860177056864,11.277538299560547,-0.05408653989434242,0,0,0.6099630251491561,0,0,0,0,0.068359375,,
2.634614999998361,,,,,-0.0625,-0.056640625,-0.9453125,0.00029172111730733246,0.057034194469451904,11.277231216430664,-0.05333533510565758,0,0,0.6014749059923119,0,0,0,0,0.06640625,,
2.7381549999993293,,,,,-0.0625,-0.05859375,-0.9453125,0.00034646160062921466,0.05530891939997673,11.27754020690918,-0.05033052712678909,0,0,0.5676045433072971,0,0,0,0,0.06640625,,
2.767875,,,,,-0.0625,-0.05078125,-0.94921875,0.000618510368097243,0.056087737902998924,11.2783784866333,-0.046716637909412384,0,0,0.5268879239653543,0,0,0,0,0.06640625,,
2.8026899999994783,,,,,-0.0625,-0.05859375,-0.9453125,0.0004695136127323907,0.05525769665837288,11.277600288391113,-0.0595703125,0,0,0.6718101734295487,0,0,0,0,0.06640625,,
2.84552499999851,,,,,-0.0625,-0.048828125,-0.951171875,0.000341329681100857,0.054925523727433756,11.278545379638672,-0.05237926170229912,0,0,0.5907618800613506,0,0,0,0,0.064453125,,
2.8724399999994783,,,,,-0.08203125,-0.017578125,-0.96484375,0.00046805956051328916,0.05506367233465426,11.278133392333984,-0.0475260429084301,0,0,0.5360050515310633,0,0,0,0,0.06640625,,
2.906039999999106,,,,,-0.07421875,-0.03125,-0.95703125,0.000322113482396584,0.05432171747088432,11.278223037719727,-0.0444878488779068,0,0,0.5017438821134022,0,0,0,0,0.068359375,,
2.9417399999983607,,,,,-0.087890625,-0.013671875,-0.962890625,0.00037873567372189755,0.055016327678458765,11.277091026306152,-0.057705964893102646,0,0,0.6507554188603457,0,0,0,0,0.068359375,,
2.9641999999992548,,,,,-0.080078125,-0.021484375,-0.9609375,0.0005243681317498474,0.05543154475162737,11.277538299560547,-0.05333533510565758,0,0,0.6014912843739495,0,0,0,0,0.0703125,,
2.996709999999031,,,,,-0.0859375,-0.0234375,-0.955078125,0.000250437672983855,0.055208802223205566,11.278286933898926,-0.05859375,0,0,0.6608371250331402,0,0,0,0,0.0703125,,
3.030644999999553,,,,,-0.08203125,-0.02734375,-0.953125,0.0005670200837711867,0.05446840077638626,11.277091979980469,-0.04438920319080353,0,0,0.5005811273007339,0,0,0,0,0.072265625,,
3.0632449999991804,,,,,-0.0703125,-0.05078125,-0.9453125,0.0003446369167381208,0.05466397851705551,11.279272079467773,-0.05237926170229912,0,0,0.5907999440618781,0,0,0,0,0.072265625,,
3.10175,,,,,-0.0625,-0.0546875,-0.9453125,0.0003234819942708127,0.0538451895408798,11.279272079467773,-0.03551136329770088,0,0,0.4005423285475942,0,0,0,0,0.072265625,,
3.130949999999255,,,,,-0.0625,-0.05859375,-0.943359375,0.00023276105013808927,0.05628680810332298,11.276616096496582,-0.05483774095773697,0,0,0.6183841523795266,0,0,0,0,0.0703125,,
3.1729550000000746,,,,,-0.0625,-0.048828125,-0.955078125,0.00029708112493230613,0.056854914873838425,11.277200698852539,-0.0615234375,0,0,0.6938121523708105,0,0,0,0,0.0703125,,
3.2014900000002235,,,,,-0.0625,-0.05078125,-0.94921875,0.00041671186570264396,0.056102097005350515,11.278286933898926,-0.0571986623108387,0,0,0.645102925776829,0,0,0,0,0.0703125,,
3.2379749999996275,,,,,-0.0625,-0.05859375,-0.9453125,0.0004467050954164681,0.05575129762291908,11.277200698852539,-0.0537109375,0,0,0.605709021911025,0,0,0,0,0.0703125,,
3.286484999999404,,,,,-0.0625,-0.056640625,-0.943359375,0.0003187492268233496,0.05506134402821772,11.27733325958252,-0.0472005195915699,0,0,0.5322959894595876,0,0,0,0,0.068359375,,
3.3181599999982865,,,,,-0.0625,-0.052734375,-0.94921875,0.0002810581261697225,0.05527748726308346,11.277647018432617,-0.05342371389269829,0,0,0.602493787695586,0,0,0,0,0.068359375,,
3.3404299999978395,,,,,-0.0625,-0.05859375,-0.9453125,0.0001249907400425779,0.054960837587714195,11.275272369384766,-0.05504261329770088,0,0,0.6206204568542972,0,0,0,0,0.068359375,,
3.3666199999991804,,,,,-0.0625,-0.05859375,-0.943359375,0.0001385618272656575,0.056123826652765274,11.2760009765625,-0.0558035708963871,0,0,0.6292411199233356,0,0,0,0,0.068359375,,
3.401160000000149,,,,,-0.0625,-0.05859375,-0.94140625,0.0004043952588345856,0.05695153959095478,11.277777671813965,-0.0520833320915699,0,0,0.5873842397359788,0,0,0,0,0.06640625,,
3.4306099999994037,,,,,-0.0625,-0.056640625,-0.943359375,0.0002976513326447457,0.05446762588690035,11.277454376220703,-0.049715910106897354,0,0,0.5606689080028247,0,0,0,0,0.06640625,,
3.4737200000006707,,,,,-0.0625,-0.05859375,-0.943359375,0.0005040685208511986,0.054191332310438156,11.277200698852539,-0.0458984375,0,0,0.5176058914512396,0,0,0,0,0.06640625,,
3.5127999999988826,,,,,-0.076171875,-0.017578125,-0.9765625,0.0007345487276104292,0.05134614184498787,11.2760009765625,0.064453125,0,0,0.7267735004425049,0,0,0,0,0.06640625,,
3.5427649999987336,,,,,-0.0546875,-0.025390625,-0.97265625,-0.00010788434161471895,0.052949762903153896,11.271078109741211,0.11418269574642181,0,0,1.2869620825387358,0,0,0,0,0.0703125,,
3.5652099999990314,,,,,-0.072265625,-0.009765625,-0.986328125,-0.0000019387279394018832,0.0536313746124506,11.273201942443848,0.126953125,0,0,1.4311682153493166,0,0,0,0,0.072265625,,
3.59139999999851,,,,,-0.111328125,0,-0.982421875,0.0005891443618554623,0.05246605724096298,11.272570610046387,0.1185825914144516,0,0,1.336730634841686,0,0,0,0,0.07421875,,
3.629414999999106,,,,,-0.0859375,-0.015625,-0.97265625,0.0007172712860801257,0.05304347723722458,11.274222373962402,-0.0032552082557231188,0,0,0.03669994174858071,0,0,0,0,0.076171875,,
3.660609999999404,,,,,-0.078125,-0.03515625,-0.94921875,0.0007316691602865954,0.05487662929226644,11.275078773498535,-0.048076923936605453,0,0,0.5420711045727238,0,0,0,0,0.076171875,,
3.6985950000006707,,,,,-0.0625,-0.046875,-0.955078125,0.0005551026289840229,0.05624179539154284,11.276727676391602,-0.05415482819080353,0,0,0.6106892498694663,0,0,0,0,0.076171875,,
3.7915099999997763,,,,,-0.0625,-0.041015625,-0.958984375,0.0007306713093189266,0.05541058999369852,11.276000022888184,-0.05408653989434242,0,0,0.6098798250865478,0,0,0,0,0.076171875,,
3.819589999999851,,,,,-0.0625,-0.0546875,-0.947265625,0.00040383930088568016,0.05653593689203262,11.276875495910645,-0.0531005859375,0,0,0.5988086963770911,0,0,0,0,0.07421875,,
3.854089999999851,,,,,-0.0625,-0.056640625,-0.9453125,0.0004849663954298012,0.054282136261463165,11.2760009765625,-0.0531684011220932,0,0,0.5995269429749897,0,0,0,0,0.072265625,,
3.8959749999996274,,,,,-0.0625,-0.048828125,-0.951171875,0.0006295154621452093,0.05383044481277466,11.276667594909668,-0.0504557304084301,0,0,0.568972500074242,0,0,0,0,0.072265625,,
3.923579999998212,,,,,-0.0625,-0.056640625,-0.943359375,0.0006877912566718709,0.054407864809036255,11.277999877929688,-0.0599888376891613,0,0,0.676554104135505,0,0,0,0,0.072265625,,
3.9542449999991804,,,,,-0.0625,-0.056640625,-0.943359375,0.0004264625128065236,0.05521811544895172,11.27822208404541,-0.0531684011220932,0,0,0.5996450357085763,0,0,0,0,0.0703125,,
3.9965299999993293,,,,,-0.0625,-0.048828125,-0.951171875,0.0006442269423451965,0.05468609742820263,11.278400421142578,-0.0498046875,0,0,0.5617172084748745,0,0,0,0,0.0703125,,
4.02449499999918,,,,,-0.0625,-0.05859375,-0.9453125,0.0004947170425336808,0.054905347496969625,11.278667449951172,-0.0494791679084301,0,0,0.5580590805394792,0,0,0,0,0.0703125,,
4.060714999999851,,,,,-0.0625,-0.05859375,-0.943359375,0.0002672019434431568,0.055018655984895304,11.279111862182617,-0.0466579869389534,0,0,0.5262606539487109,0,0,0,0,0.0703125,,
4.100574999999255,,,,,-0.0625,-0.05859375,-0.943359375,0.0002180495558428642,0.056137796491384506,11.27938461303711,-0.055588942021131516,0,0,0.6270090572881628,0,0,0,0,0.068359375,,
4.132664999999106,,,,,-0.0625,-0.05078125,-0.94921875,0.0002462181058419613,0.05548819899559021,11.275693893432617,-0.05258413404226303,0,0,0.5929225991117875,0,0,0,0,0.068359375,,
4.174569999998435,,,,,-0.0625,-0.05859375,-0.943359375,0.000006956590890351162,0.0538630411028862,11.277454376220703,-0.05681818351149559,0,0,0.6407644722906269,0,0,0,0,0.068359375,,
4.208284999998287,,,,,-0.0625,-0.05859375,-0.9453125,0.00011837627712078393,0.055075506679713726,11.279143333435059,-0.0627790167927742,0,0,0.7080935287378267,0,0,0,0,0.068359375,,
4.243529999999329,,,,,-0.0625,-0.05859375,-0.9453125,0.000438950175306127,0.05532871000468731,11.278334617614746,-0.0480143241584301,0,0,0.5415216142973982,0,0,0,0,0.06640625,,
4.277099999999628,,,,,-0.0625,-0.05859375,-0.943359375,0.0001814418548545124,0.05543309453059919,11.282332420349121,-0.05126953125,0,0,0.5784398945979774,0,0,0,0,0.06640625,,
4.30852999999933,,,,,-0.0625,-0.056640625,-0.94140625,0.0003742879976015538,0.055447064369218424,11.278908729553223,-0.05060369148850441,0,0,0.5707544176773105,0,0,0,0,0.06640625,,
4.351320000000298,,,,,-0.0625,-0.05859375,-0.9453125,0.0004793783164136787,0.05535082891583443,11.278000831604004,-0.052734375,0,0,0.5947383251041174,0,0,0,0,0.06640625,,
4.3830700000002984,,,,,-0.0625,-0.05078125,-0.951171875,0.00040656206651786973,0.05475478246808052,11.278400421142578,-0.05078125,0,0,0.5727312713861465,0,0,0,0,0.064453125,,
4.41236999999918,,,,,-0.0625,-0.05859375,-0.943359375,0.00022694487467261724,0.05393987521529198,11.278908729553223,-0.051491476595401764,0,0,0.5807676648694624,0,0,0,0,0.064453125,,
4.45427499999851,,,,,-0.0625,-0.056640625,-0.943359375,0.0002201593477665447,0.05450177195598371,11.279600143432617,-0.0517578125,0,0,0.5838074292987585,0,0,0,0,0.064453125,,
4.488109999999404,,,,,-0.0625,-0.056640625,-0.943359375,0.00045947786177229135,0.055034179240465164,11.276572227478027,-0.0453404001891613,0,0,0.5112842975558358,0,0,0,0,0.064453125,,
4.524570000000298,,,,,-0.0625,-0.05859375,-0.9453125,0.0002722198230995733,0.05477884042193182,11.27963638305664,-0.049715910106897354,0,0,0.5607773884585328,0,0,0,0,0.064453125,,
4.5511349999997766,,,,,-0.0625,-0.056640625,-0.943359375,0.00005599495532416977,0.05675363354384899,11.278153419494629,-0.05709134787321091,0,0,0.643884980239811,0,0,0,0,0.064453125,,
4.586550000000745,,,,,-0.0625,-0.056640625,-0.947265625,0.0002515210726491303,0.05616030466626398,11.27750015258789,-0.050048828125,0,0,0.5644256668165326,0,0,0,0,0.0625,,
4.618074999999255,,,,,-0.0625,-0.05859375,-0.9453125,0.0003423560650065285,0.05406094714999199,11.279666900634766,-0.0537109375,0,0,0.6058414839208126,0,0,0,0,0.0625,,
4.662894999999553,,,,,-0.0625,-0.056640625,-0.9453125,0.00020082913424853126,0.05420452725957148,11.277667045593262,-0.0569661445915699,0,0,0.6424452115748487,0,0,0,0,0.0625,,
4.704164999999106,,,,,-0.0625,-0.05859375,-0.943359375,0.00015948864910724918,0.05407491698861122,11.276286125183105,-0.0565011166036129,0,0,0.6371227572146729,0,0,0,0,0.0625,,
4.736169999998062,,,,,-0.0625,-0.056640625,-0.943359375,0.00032844283937397476,0.055280204833252355,11.278399467468262,-0.0553385429084301,0,0,0.6241301928689076,0,0,0,0,0.0625,,
4.771824999999255,,,,,-0.072265625,-0.048828125,-0.9453125,0.0003307237140755844,0.0549759715795517,11.279199600219727,-0.056640625,0,0,0.6388609148561954,0,0,0,0,0.0625,,
4.807724999999627,,,,,-0.0625,-0.05859375,-0.9453125,0.00014004437901182738,0.05489137765835039,11.279000282287598,-0.0439453125,0,0,0.4956591920927167,0,0,0,0,0.0625,,
4.894894999999553,,,,,-0.0625,-0.056640625,-0.9453125,0.0005659937165709824,0.05443657937576063,11.27938461303711,-0.05634014308452606,0,0,0.6354821430039124,0,0,0,0,0.0625,,
4.923400000000372,,,,,-0.0625,-0.0546875,-0.947265625,0.00021397660423398031,0.05466065340442583,11.278667449951172,-0.0589192695915699,0,0,0.6645308481173373,0,0,0,0,0.0625,,
4.950254999998957,,,,,-0.0625,-0.05859375,-0.943359375,0.0005323511190749705,0.056283315643668175,11.27733325958252,-0.0542534738779068,0,0,0.6118345054112098,0,0,0,0,0.0625,,
5.002259999999777,,,,,-0.0625,-0.05859375,-0.943359375,0.000348343287750812,0.054552219808101654,11.278399467468262,-0.05859375,0,0,0.6608437187969685,0,0,0,0,0.060546875,,
5.039939999999478,,,,,-0.0625,-0.046875,-0.955078125,0.0003044938920158893,0.05339446943253279,11.278888702392578,-0.0472005195915699,0,0,0.5323694071684173,0,0,0,0,0.0625,,
5.072474999999628,,,,,-0.0625,-0.05859375,-0.9453125,0.0003598045684329273,0.053835101425647736,11.27933406829834,-0.04638671875,0,0,0.5232112971134484,0,0,0,0,0.0625,,
5.1081349999979135,,,,,-0.0625,-0.05859375,-0.943359375,0.00046358339739497744,0.05476875230669975,11.278908729553223,-0.059481535106897354,0,0,0.670886805564411,0,0,0,0,0.060546875,,
5.1362299999985845,,,,,-0.0625,-0.056640625,-0.943359375,0.0005243681317498474,0.05461198088596575,11.27966594696045,-0.0545247383415699,0,0,0.6150208343383348,0,0,0,0,0.060546875,,
5.175729999998584,,,,,-0.07421875,-0.03515625,-0.94140625,0.000374630125570111,0.054033007472753525,11.277200698852539,0.076171875,0,0,0.8590055219829082,0,0,0,0,0.0625,,
5.2030800000000745,,,,,-0.08984375,-0.015625,-0.9765625,0.0005472336857072078,0.057432916946709156,11.275078773498535,0.12094350904226303,0,0,1.363647591594848,0,0,0,0,0.064453125,,
5.241709999999031,,,,,-0.048828125,-0.0078125,-0.98046875,0.0006065928882518783,0.05611218512058258,11.271111488342285,0.1161024272441864,0,0,1.3086034015363737,0,0,0,0,0.068359375,,
5.275875,,,,,-0.1015625,0.001953125,-0.98828125,0.0004893285270289052,0.05350370702217333,11.27138614654541,0.12244591116905212,0,0,1.380135146851984,0,0,0,0,0.0703125,,
5.303624999998138,,,,,-0.0703125,-0.0234375,-0.958984375,0.0004446523108996578,0.05252969640423544,11.275334358215332,-0.01871744729578495,0,0,0.2110454765922487,0,0,0,0,0.072265625,,
5.342165000000969,,,,,-0.072265625,-0.0390625,-0.953125,0.0005607477404652164,0.055014388635754585,11.27733325958252,-0.0477430559694767,0,0,0.5384143529986893,0,0,0,0,0.07421875,,
5.3752549999989565,,,,,-0.0625,-0.041015625,-0.9609375,0.0005615460394065469,0.05587935447692871,11.275385856628418,-0.048076923936605453,0,0,0.5420858681850014,0,0,0,0,0.07421875,,
5.405195000000298,,,,,-0.0625,-0.05078125,-0.951171875,0.0003664190543247387,0.055624404922127724,11.278182029724121,-0.05504261329770088,0,0,0.620780612163184,0,0,0,0,0.07421875,,
5.4433450000006705,,,,,-0.0625,-0.044921875,-0.953125,0.00020755762868953284,0.05716147643397562,11.280000686645508,-0.0498046875,0,0,0.5617969091981649,0,0,0,0,0.072265625,,
5.474734999999404,,,,,-0.0703125,-0.048828125,-0.943359375,0.00007868944947361836,0.05639313530991785,11.27742862701416,-0.0544084832072258,0,0,0.6135877860735874,0,0,0,0,0.072265625,,
5.504564999999478,,,,,-0.0625,-0.056640625,-0.9453125,0.0004748736203573644,0.056694261729717255,11.277999877929688,-0.0517578125,0,0,0.5837246030569077,0,0,0,0,0.072265625,,
5.541334999999031,,,,,-0.0625,-0.05859375,-0.943359375,0.0005497996454713866,0.05512731149792671,11.278399467468262,-0.0556640625,0,0,0.62780153285712,0,0,0,0,0.072265625,,
5.581644999997691,,,,,-0.0625,-0.048828125,-0.951171875,0.0005273332435949208,0.05511644485522993,11.27907657623291,-0.051832932978868484,0,0,0.5846276202394058,0,0,0,0,0.0703125,,
5.617244999999181,,,,,-0.0625,-0.05859375,-0.943359375,0.0003776237452949863,0.056999269872903824,11.277847290039062,-0.049579326063394547,0,0,0.5591480680860172,0,0,0,0,0.0703125,,
5.708759999999777,,,,,-0.0625,-0.05859375,-0.943359375,0.00046016213023850614,0.05357355621526949,11.279077529907227,-0.05483774095773697,0,0,0.6185191318272842,0,0,0,0,0.0703125,,
5.81477499999851,,,,,-0.0625,-0.0546875,-0.947265625,0.0004596244731289344,0.05287849853630178,11.278064727783203,-0.048828125,0,0,0.5506867542862892,0,0,0,0,0.068359375,,
5.92380499999784,,,,,-0.0625,-0.05859375,-0.9453125,0.00026040215006808287,0.05440346649265848,11.277297973632812,-0.05357896909117699,0,0,0.6042259995612653,0,0,0,0,0.06640625,,
6.051564999999479,,,,,-0.0625,-0.05859375,-0.943359375,0.000645291384959504,0.0546872615814209,11.277473449707031,-0.054995886981487274,0,0,0.6202146552768113,0,0,0,0,0.06640625,,
6.170574999999255,,,,,-0.0625,-0.056640625,-0.943359375,0.00042680464077508076,0.05448702722787857,11.2791109085083,-0.0559895820915699,0,0,0.6315127061318471,0,0,0,0,0.064453125,,
6.408640000000596,,,,,-0.0625,-0.05859375,-0.943359375,0.00030894153890166534,0.055040130973793566,11.279219627380371,-0.054544586688280106,0,0,0.6152203727417991,0,0,0,0,0.0625,,
6.499570000000298,,,,,-0.0625,-0.056640625,-0.9453125,0.00038557822056394073,0.055038592108758166,11.277594566345215,-0.05071065574884415,0,0,0.5718942157289675,0,0,0,0,0.0625,,
6.591679999999702,,,,,-0.0625,-0.05859375,-0.943359375,0.0004205730337509134,0.05506577872438356,11.278499603271484,-0.05523681640625,0,0,0.6229884119238704,0,0,0,0,0.060546875,,
6.719634999999776,,,,,-0.0625,-0.0546875,-0.947265625,0.000435480015423485,0.05600973963737488,11.277250289916992,-0.0543212890625,0,0,0.6125947728287429,0,0,0,0,0.060546875,,
6.814994999999181,,,,,-0.0625,-0.05859375,-0.9453125,0.00022816514223078266,0.054659321904182434,11.27822208404541,-0.0533854179084301,0,0,0.6020925992208497,0,0,0,0,0.060546875,,
6.9004699999988075,,,,,-0.064453125,-0.0390625,-0.95703125,0.00045366168630681927,0.05438691005110741,11.276969909667969,-0.007694128900766373,0,0,0.08676646009504907,0,0,0,0,0.060546875,,
7.001489999998361,,,,,-0.08984375,-0.001953125,-0.982421875,0.00011104496589533969,0.05500823681359179,11.272002220153809,0.1151670292019844,0,0,1.2981630088532867,0,0,0,0,0.06640625,,
7.084944999998435,,,,,-0.07421875,-0.0390625,-0.953125,0.00037531438150722535,0.054895353969186544,11.276457786560059,-0.02762276865541935,0,0,0.31148698469075065,0,0,0,0,0.072265625,,
7.177660000000149,,,,,-0.0625,-0.0546875,-0.947265625,0.00034989916814532083,0.05273963324725628,11.277571678161621,-0.0565011166036129,0,0,0.6371953923934122,0,0,0,0,0.0703125,,
7.262804999997839,,,,,-0.0625,-0.05859375,-0.9453125,0.00024647876959964595,0.056468998081982136,11.278182983398438,-0.04675662890076637,0,0,0.5273298164296989,0,0,0,0,0.0703125,,
7.361639999998733,,,,,-0.0625,-0.0546875,-0.947265625,0.00023841433059275074,0.05496798985404894,11.27641487121582,-0.05421605706214905,0,0,0.611362752114303,0,0,0,0,0.068359375,,
7.445324999999255,,,,,-0.0625,-0.048828125,-0.953125,0.00019740783785749226,0.053913598094368353,11.278399467468262,-0.0457589291036129,0,0,0.5160874816341057,0,0,0,0,0.068359375,,
7.537769999999553,,,,,-0.0625,-0.0546875,-0.947265625,0.00043324806268261356,0.054655331041431054,11.279033660888672,-0.05354256555438042,0,0,0.603908399178195,0,0,0,0,0.06640625,,
7.645999999998137,,,,,-0.064453125,-0.0546875,-0.943359375,0.0003409732866632985,0.05436217179521918,11.27912425994873,-0.05340576171875,0,0,0.6023702226229943,0,0,0,0,0.06640625,,
7.734039999999106,,,,,-0.0625,-0.05078125,-0.94921875,0.0002970050816455448,0.054507399909198284,11.277999877929688,-0.05088404566049576,0,0,0.5738702607476398,0,0,0,0,0.06640625,,
7.8307449999991805,,,,,-0.064453125,-0.0546875,-0.943359375,0.00023856092942029335,0.0548941497982014,11.279998779296875,-0.052734375,0,0,0.5948436856269836,0,0,0,0,0.064453125,,
7.95399499999918,,,,,-0.0625,-0.05859375,-0.943359375,0.0005323022347015335,0.05528912879526615,11.277999877929688,-0.05658318102359772,0,0,0.6381451086770085,0,0,0,0,0.064453125,,
8.060195000000299,,,,,-0.0625,-0.0546875,-0.9453125,0.00039105226806085555,0.05440087988972664,11.279069900512695,-0.051780521869659424,0,0,0.584036125652915,0,0,0,0,0.0625,,
8.17046499999985,,,,,-0.0625,-0.0546875,-0.947265625,0.0005153587730481531,0.05515175871551037,11.277945518493652,-0.04777238145470619,0,0,0.538774315334873,0,0,0,0,0.0625,,
8.289139999998733,,,,,-0.0625,-0.0546875,-0.9453125,0.0004117700168038884,0.054877666116226465,11.279486656188965,-0.052834536880254745,0,0,0.5959464537267571,0,0,0,0,0.0625,,
8.412419999998063,,,,,-0.0625,-0.0546875,-0.947265625,0.00008449419839951556,0.05592638626694679,11.278244018554688,-0.05240091308951378,0,0,0.5909902846186128,0,0,0,0,0.0625,,
8.649064999999478,,,,,-0.0625,-0.05859375,-0.943359375,0.0003157499021814205,0.05575259274337441,11.278604507446289,-0.055641353130340576,0,0,0.6275568162162699,0,0,0,0,0.060546875,,
8.742879999998957,,,,,-0.07421875,-0.0234375,-0.970703125,0.0003030173542379167,0.05622516982839443,11.274554252624512,0.046357303857803345,0,0,0.5226579373502034,0,0,0,0,0.06640625,,
8.834559999998659,,,,,-0.0625,-0.05078125,-0.951171875,0.0001949579476795212,0.05668698577210307,11.278182029724121,-0.05741003900766373,0,0,0.6474808702619939,0,0,0,0,0.072265625,,
8.974810000000522,,,,,-0.0625,-0.044921875,-0.955078125,0.0008142401250675508,0.05659148519043811,11.277935028076172,-0.05134828761219978,0,0,0.5791026514933577,0,0,0,0,0.072265625,,
9.072939999999479,,,,,-0.0625,-0.052734375,-0.947265625,0.00016571435910148975,0.058298253861721605,11.277469635009766,-0.054209183901548386,0,0,0.6113424253883721,0,0,0,0,0.0703125,,
9.165519999999553,,,,,-0.0625,-0.05859375,-0.943359375,0.0001194210036294572,0.05747860996052623,11.27823543548584,-0.05256203934550285,0,0,0.5928070547078512,0,0,0,0,0.068359375,,
9.263105000000447,,,,,-0.0625,-0.05078125,-0.951171875,0.00038082508497557606,0.05946527744526975,11.278624534606934,-0.054931640625,0,0,0.619553349679336,0,0,0,0,0.06640625,,
9.354189999999479,,,,,-0.0625,-0.044921875,-0.955078125,0.0004444242311557754,0.05909387255087495,11.278940200805664,-0.04854090139269829,0,0,0.5474899241014484,0,0,0,0,0.06640625,,
9.449479999998584,,,,,-0.0625,-0.046875,-0.953125,0.0004962321949991202,0.06070913514122367,11.279623985290527,-0.05096435546875,0,0,0.574858766340185,0,0,0,0,0.06640625,,
9.53918999999948,,,,,-0.0625,-0.0546875,-0.947265625,0.00023074087469328208,0.060234284319449216,11.278787612915039,-0.049715910106897354,0,0,0.5607351910784715,0,0,0,0,0.06640625,,
9.641454999998212,,,,,-0.0625,-0.05859375,-0.943359375,0.00014989481622411404,0.06104952626628801,11.278064727783203,-0.050718244165182114,0,0,0.5720036405744366,0,0,0,0,0.064453125,,
9.731329999998211,,,,,-0.064453125,-0.048828125,-0.951171875,0.0002108791266194312,0.06326357834041119,11.279542922973633,-0.05859375,0,0,0.6609107181429863,0,0,0,0,0.064453125,,
9.829509999999777,,,,,-0.0625,-0.0546875,-0.947265625,0.00024050984769469625,0.06352522177621722,11.279870986938477,-0.05355342850089073,0,0,0.6040757643982815,0,0,0,0,0.064453125,,
9.938300000000744,,,,,-0.0625,-0.048828125,-0.953125,0.0004147690699819753,0.06424063758458942,11.279646873474121,-0.05227481573820114,0,0,0.5896414619028363,0,0,0,0,0.064453125,,
10.059234999999404,,,,,-0.064453125,-0.04296875,-0.955078125,0.00028217954956656193,0.06540445610880852,11.278315544128418,-0.048057153820991516,0,0,0.542003744945859,0,0,0,0,0.064453125,,
10.161839999997989,,,,,-0.064453125,-0.04296875,-0.955078125,0.0001147307098323875,0.0658759381622076,11.279142379760742,-0.0513857901096344,0,0,0.5795876429430677,0,0,0,0,0.06640625,,
10.286764999998734,,,,,-0.0703125,-0.04296875,-0.955078125,0.00016084291121794375,0.066335778683424,11.277000427246094,-0.00786675326526165,0,0,0.08871337993339523,0,0,0,0,0.06640625,,
10.507160000000148,,,,,-0.078125,-0.01171875,-0.97265625,0.00034500184349305925,0.06693252362310886,11.273955345153809,0.08743640780448914,0,0,0.9857541571284685,0,0,0,0,0.072265625,,
10.603195000000298,,,,,-0.0703125,-0.037109375,-0.95703125,0.00030664171393568403,0.06740240496583283,11.277494430541992,-0.048828125,0,0,0.5506589077413082,0,0,0,0,0.076171875,,
10.705464999999851,,,,,-0.07421875,-0.017578125,-0.97265625,0.0002479144792157458,0.0689514636178501,11.279250144958496,-0.0494384765625,0,0,0.5576289439341053,0,0,0,0,0.078125,,
